step,t,K,U,E,Lx,Ly,Lz,Rcom_x,Rcom_y,Rcom_z
0,0.0000000000e+00,2.7627313618e+33,-5.3138090377e+33,-2.5510776759e+33,2.2767007629e+38,2.2086076314e+38,4.1827911254e+40,-2.1331853544e+08,-7.7992337186e+08,1.4739283112e+07
6,2.1600000000e+04,2.7630414189e+33,-5.3141190949e+33,-2.5510776759e+33,2.2767007629e+38,2.2086076314e+38,4.1827911254e+40,-2.1308711319e+08,-7.7983570533e+08,1.4734457559e+07
12,4.3200000000e+04,2.7633524116e+33,-5.3144300875e+33,-2.5510776760e+33,2.2767007629e+38,2.2086076314e+38,4.1827911254e+40,-2.1285569095e+08,-7.7974803881e+08,1.4729632005e+07
18,6.4800000000e+04,2.7636643349e+33,-5.3147420109e+33,-2.5510776760e+33,2.2767007629e+38,2.2086076314e+38,4.1827911254e+40,-2.1262426870e+08,-7.7966037229e+08,1.4724806452e+07
24,8.6400000000e+04,2.7639771841e+33,-5.3150548601e+33,-2.5510776761e+33,2.2767007629e+38,2.2086076314e+38,4.1827911254e+40,-2.1239284645e+08,-7.7957270576e+08,1.4719980899e+07
30,1.0800000000e+05,2.7642909542e+33,-5.3153686303e+33,-2.5510776761e+33,2.2767007629e+38,2.2086076314e+38,4.1827911254e+40,-2.1216142421e+08,-7.7948503924e+08,1.4715155346e+07
36,1.2960000000e+05,2.7646056405e+33,-5.3156833166e+33,-2.5510776761e+33,2.2767007629e+38,2.2086076314e+38,4.1827911254e+40,-2.1193000196e+08,-7.7939737272e+08,1.4710329793e+07
42,1.5120000000e+05,2.7649212378e+33,-5.3159989139e+33,-2.5510776762e+33,2.2767007629e+38,2.2086076314e+38,4.1827911254e+40,-2.1169857971e+08,-7.7930970619e+08,1.4705504240e+07
48,1.7280000000e+05,2.7652377411e+33,-5.3163154173e+33,-2.5510776762e+33,2.2767007629e+38,2.2086076314e+38,4.1827911254e+40,-2.1146715747e+08,-7.7922203967e+08,1.4700678687e+07
54,1.9440000000e+05,2.7655551452e+33,-5.3166328215e+33,-2.5510776763e+33,2.2767007629e+38,2.2086076314e+38,4.1827911254e+40,-2.1123573522e+08,-7.7913437314e+08,1.4695853133e+07
60,2.1600000000e+05,2.7658734450e+33,-5.3169511213e+33,-2.5510776763e+33,2.2767007629e+38,2.2086076314e+38,4.1827911254e+40,-2.1100431297e+08,-7.7904670662e+08,1.4691027580e+07
66,2.3760000000e+05,2.7661926352e+33,-5.3172703115e+33,-2.5510776763e+33,2.2767007629e+38,2.2086076314e+38,4.1827911254e+40,-2.1077289072e+08,-7.7895904010e+08,1.4686202027e+07
72,2.5920000000e+05,2.7665127102e+33,-5.3175903866e+33,-2.5510776764e+33,2.2767007629e+38,2.2086076314e+38,4.1827911254e+40,-2.1054146848e+08,-7.7887137357e+08,1.4681376474e+07
78,2.8080000000e+05,2.7668336646e+33,-5.3179113410e+33,-2.5510776764e+33,2.2767007629e+38,2.2086076314e+38,4.1827911254e+40,-2.1031004623e+08,-7.7878370705e+08,1.4676550921e+07
84,3.0240000000e+05,2.7671554928e+33,-5.3182331693e+33,-2.5510776765e+33,2.2767007629e+38,2.2086076314e+38,4.1827911254e+40,-2.1007862398e+08,-7.7869604053e+08,1.4671725368e+07
90,3.2400000000e+05,2.7674781890e+33,-5.3185558655e+33,-2.5510776765e+33,2.2767007629e+38,2.2086076314e+38,4.1827911254e+40,-2.0984720174e+08,-7.7860837400e+08,1.4666899815e+07
96,3.4560000000e+05,2.7678017475e+33,-5.3188794240e+33,-2.5510776766e+33,2.2767007629e+38,2.2086076314e+38,4.1827911254e+40,-2.0961577949e+08,-7.7852070748e+08,1.4662074262e+07
102,3.6720000000e+05,2.7681261622e+33,-5.3192038388e+33,-2.5510776766e+33,2.2767007629e+38,2.2086076314e+38,4.1827911254e+40,-2.0938435724e+08,-7.7843304096e+08,1.4657248708e+07
108,3.8880000000e+05,2.7684514273e+33,-5.3195291039e+33,-2.5510776766e+33,2.2767007629e+38,2.2086076314e+38,4.1827911254e+40,-2.0915293500e+08,-7.7834537443e+08,1.4652423155e+07
114,4.1040000000e+05,2.7687775365e+33,-5.3198552132e+33,-2.5510776767e+33,2.2767007629e+38,2.2086076314e+38,4.1827911254e+40,-2.0892151275e+08,-7.7825770791e+08,1.4647597602e+07
120,4.3200000000e+05,2.7691044837e+33,-5.3201821605e+33,-2.5510776767e+33,2.2767007629e+38,2.2086076314e+38,4.1827911254e+40,-2.0869009050e+08,-7.7817004139e+08,1.4642772049e+07
126,4.5360000000e+05,2.7694322627e+33,-5.3205099395e+33,-2.5510776768e+33,2.2767007629e+38,2.2086076314e+38,4.1827911254e+40,-2.0845866826e+08,-7.7808237486e+08,1.4637946496e+07
132,4.7520000000e+05,2.7697608671e+33,-5.3208385439e+33,-2.5510776768e+33,2.2767007629e+38,2.2086076314e+38,4.1827911254e+40,-2.0822724601e+08,-7.7799470834e+08,1.4633120943e+07
138,4.9680000000e+05,2.7700902906e+33,-5.3211679675e+33,-2.5510776768e+33,2.2767007629e+38,2.2086076314e+38,4.1827911254e+40,-2.0799582376e+08,-7.7790704181e+08,1.4628295390e+07
144,5.1840000000e+05,2.7704205268e+33,-5.3214982037e+33,-2.5510776769e+33,2.2767007629e+38,2.2086076314e+38,4.1827911254e+40,-2.0776440152e+08,-7.7781937529e+08,1.4623469837e+07
150,5.4000000000e+05,2.7707515694e+33,-5.3218292463e+33,-2.5510776769e+33,2.2767007629e+38,2.2086076314e+38,4.1827911254e+40,-2.0753297927e+08,-7.7773170877e+08,1.4618644283e+07
156,5.6160000000e+05,2.7710834118e+33,-5.3221610888e+33,-2.5510776770e+33,2.2767007629e+38,2.2086076314e+38,4.1827911254e+40,-2.0730155702e+08,-7.7764404224e+08,1.4613818730e+07
162,5.8320000000e+05,2.7714160477e+33,-5.3224937248e+33,-2.5510776770e+33,2.2767007629e+38,2.2086076314e+38,4.1827911254e+40,-2.0707013477e+08,-7.7755637572e+08,1.4608993177e+07
168,6.0480000000e+05,2.7717494709e+33,-5.3228271479e+33,-2.5510776771e+33,2.2767007629e+38,2.2086076314e+38,4.1827911254e+40,-2.0683871253e+08,-7.7746870920e+08,1.4604167624e+07
174,6.2640000000e+05,2.7720836749e+33,-5.3231613520e+33,-2.5510776771e+33,2.2767007629e+38,2.2086076314e+38,4.1827911254e+40,-2.0660729028e+08,-7.7738104267e+08,1.4599342071e+07
180,6.4800000000e+05,2.7724186536e+33,-5.3234963307e+33,-2.5510776771e+33,2.2767007629e+38,2.2086076314e+38,4.1827911254e+40,-2.0637586803e+08,-7.7729337615e+08,1.4594516518e+07
186,6.6960000000e+05,2.7727544007e+33,-5.3238320779e+33,-2.5510776772e+33,2.2767007629e+38,2.2086076314e+38,4.1827911254e+40,-2.0614444579e+08,-7.7720570963e+08,1.4589690965e+07
192,6.9120000000e+05,2.7730909103e+33,-5.3241685875e+33,-2.5510776772e+33,2.2767007629e+38,2.2086076314e+38,4.1827911254e+40,-2.0591302354e+08,-7.7711804310e+08,1.4584865411e+07
198,7.1280000000e+05,2.7734281763e+33,-5.3245058535e+33,-2.5510776773e+33,2.2767007629e+38,2.2086076314e+38,4.1827911254e+40,-2.0568160129e+08,-7.7703037658e+08,1.4580039858e+07
204,7.3440000000e+05,2.7737661928e+33,-5.3248438701e+33,-2.5510776773e+33,2.2767007629e+38,2.2086076314e+38,4.1827911254e+40,-2.0545017905e+08,-7.7694271006e+08,1.4575214305e+07
210,7.5600000000e+05,2.7741049542e+33,-5.3251826315e+33,-2.5510776773e+33,2.2767007629e+38,2.2086076314e+38,4.1827911254e+40,-2.0521875680e+08,-7.7685504353e+08,1.4570388752e+07
216,7.7760000000e+05,2.7744444547e+33,-5.3255221321e+33,-2.5510776774e+33,2.2767007629e+38,2.2086076314e+38,4.1827911254e+40,-2.0498733455e+08,-7.7676737701e+08,1.4565563199e+07
222,7.9920000000e+05,2.7747846889e+33,-5.3258623663e+33,-2.5510776774e+33,2.2767007629e+38,2.2086076314e+38,4.1827911254e+40,-2.0475591231e+08,-7.7667971048e+08,1.4560737646e+07
228,8.2080000000e+05,2.7751256514e+33,-5.3262033289e+33,-2.5510776774e+33,2.2767007629e+38,2.2086076314e+38,4.1827911254e+40,-2.0452449006e+08,-7.7659204396e+08,1.4555912093e+07
234,8.4240000000e+05,2.7754673369e+33,-5.3265450144e+33,-2.5510776775e+33,2.2767007629e+38,2.2086076314e+38,4.1827911254e+40,-2.0429306781e+08,-7.7650437744e+08,1.4551086540e+07
240,8.6400000000e+05,2.7758097403e+33,-5.3268874178e+33,-2.5510776775e+33,2.2767007629e+38,2.2086076314e+38,4.1827911254e+40,-2.0406164557e+08,-7.7641671091e+08,1.4546260986e+07
246,8.8560000000e+05,2.7761528565e+33,-5.3272305341e+33,-2.5510776776e+33,2.2767007629e+38,2.2086076314e+38,4.1827911254e+40,-2.0383022332e+08,-7.7632904439e+08,1.4541435433e+07
252,9.0720000000e+05,2.7764966806e+33,-5.3275743582e+33,-2.5510776776e+33,2.2767007629e+38,2.2086076314e+38,4.1827911254e+40,-2.0359880107e+08,-7.7624137787e+08,1.4536609880e+07
258,9.2880000000e+05,2.7768412077e+33,-5.3279188853e+33,-2.5510776776e+33,2.2767007629e+38,2.2086076314e+38,4.1827911254e+40,-2.0336737882e+08,-7.7615371134e+08,1.4531784327e+07
264,9.5040000000e+05,2.7771864330e+33,-5.3282641107e+33,-2.5510776777e+33,2.2767007629e+38,2.2086076314e+38,4.1827911254e+40,-2.0313595658e+08,-7.7606604482e+08,1.4526958774e+07
270,9.7200000000e+05,2.7775323519e+33,-5.3286100297e+33,-2.5510776777e+33,2.2767007629e+38,2.2086076314e+38,4.1827911254e+40,-2.0290453433e+08,-7.7597837830e+08,1.4522133221e+07
276,9.9360000000e+05,2.7778789598e+33,-5.3289566375e+33,-2.5510776777e+33,2.2767007629e+38,2.2086076314e+38,4.1827911254e+40,-2.0267311208e+08,-7.7589071177e+08,1.4517307668e+07
282,1.0152000000e+06,2.7782262519e+33,-5.3293039297e+33,-2.5510776778e+33,2.2767007629e+38,2.2086076314e+38,4.1827911254e+40,-2.0244168984e+08,-7.7580304525e+08,1.4512482114e+07
288,1.0368000000e+06,2.7785742238e+33,-5.3296519016e+33,-2.5510776778e+33,2.2767007629e+38,2.2086076314e+38,4.1827911254e+40,-2.0221026759e+08,-7.7571537873e+08,1.4507656561e+07
294,1.0584000000e+06,2.7789228709e+33,-5.3300005487e+33,-2.5510776779e+33,2.2767007629e+38,2.2086076314e+38,4.1827911254e+40,-2.0197884534e+08,-7.7562771220e+08,1.4502831008e+07
300,1.0800000000e+06,2.7792721886e+33,-5.3303498665e+33,-2.5510776779e+33,2.2767007629e+38,2.2086076314e+38,4.1827911254e+40,-2.0174742310e+08,-7.7554004568e+08,1.4498005455e+07
306,1.1016000000e+06,2.7796221724e+33,-5.3306998503e+33,-2.5510776779e+33,2.2767007629e+38,2.2086076314e+38,4.1827911254e+40,-2.0151600085e+08,-7.7545237916e+08,1.4493179902e+07
312,1.1232000000e+06,2.7799728177e+33,-5.3310504956e+33,-2.5510776780e+33,2.2767007629e+38,2.2086076314e+38,4.1827911254e+40,-2.0128457860e+08,-7.7536471263e+08,1.4488354349e+07
318,1.1448000000e+06,2.7803241199e+33,-5.3314017979e+33,-2.5510776780e+33,2.2767007629e+38,2.2086076314e+38,4.1827911254e+40,-2.0105315636e+08,-7.7527704611e+08,1.4483528796e+07
324,1.1664000000e+06,2.7806760743e+33,-5.3317537524e+33,-2.5510776780e+33,2.2767007629e+38,2.2086076314e+38,4.1827911254e+40,-2.0082173411e+08,-7.7518937958e+08,1.4478703243e+07
330,1.1880000000e+06,2.7810286764e+33,-5.3321063544e+33,-2.5510776781e+33,2.2767007629e+38,2.2086076314e+38,4.1827911254e+40,-2.0059031186e+08,-7.7510171306e+08,1.4473877689e+07
336,1.2096000000e+06,2.7813819212e+33,-5.3324595993e+33,-2.5510776781e+33,2.2767007629e+38,2.2086076314e+38,4.1827911254e+40,-2.0035888962e+08,-7.7501404654e+08,1.4469052136e+07
342,1.2312000000e+06,2.7817358040e+33,-5.3328134822e+33,-2.5510776782e+33,2.2767007629e+38,2.2086076314e+38,4.1827911254e+40,-2.0012746737e+08,-7.7492638001e+08,1.4464226583e+07
348,1.2528000000e+06,2.7820903199e+33,-5.3331679981e+33,-2.5510776782e+33,2.2767007629e+38,2.2086076314e+38,4.1827911254e+40,-1.9989604512e+08,-7.7483871349e+08,1.4459401030e+07
354,1.2744000000e+06,2.7824454640e+33,-5.3335231422e+33,-2.5510776782e+33,2.2767007629e+38,2.2086076314e+38,4.1827911254e+40,-1.9966462287e+08,-7.7475104697e+08,1.4454575477e+07
360,1.2960000000e+06,2.7828012311e+33,-5.3338789093e+33,-2.5510776783e+33,2.2767007629e+38,2.2086076314e+38,4.1827911254e+40,-1.9943320063e+08,-7.7466338044e+08,1.4449749924e+07
366,1.3176000000e+06,2.7831576161e+33,-5.3342352944e+33,-2.5510776783e+33,2.2767007629e+38,2.2086076314e+38,4.1827911254e+40,-1.9920177838e+08,-7.7457571392e+08,1.4444924371e+07
372,1.3392000000e+06,2.7835146138e+33,-5.3345922922e+33,-2.5510776784e+33,2.2767007629e+38,2.2086076314e+38,4.1827911254e+40,-1.9897035613e+08,-7.7448804740e+08,1.4440098818e+07
378,1.3608000000e+06,2.7838722190e+33,-5.3349498974e+33,-2.5510776784e+33,2.2767007629e+38,2.2086076314e+38,4.1827911254e+40,-1.9873893389e+08,-7.7440038087e+08,1.4435273264e+07
384,1.3824000000e+06,2.7842304261e+33,-5.3353081045e+33,-2.5510776784e+33,2.2767007629e+38,2.2086076314e+38,4.1827911254e+40,-1.9850751164e+08,-7.7431271435e+08,1.4430447711e+07
390,1.4040000000e+06,2.7845892296e+33,-5.3356669081e+33,-2.5510776785e+33,2.2767007629e+38,2.2086076314e+38,4.1827911254e+40,-1.9827608939e+08,-7.7422504783e+08,1.4425622158e+07
396,1.4256000000e+06,2.7849486240e+33,-5.3360263025e+33,-2.5510776785e+33,2.2767007629e+38,2.2086076314e+38,4.1827911254e+40,-1.9804466715e+08,-7.7413738130e+08,1.4420796605e+07
402,1.4472000000e+06,2.7853086036e+33,-5.3363862821e+33,-2.5510776786e+33,2.2767007629e+38,2.2086076314e+38,4.1827911254e+40,-1.9781324490e+08,-7.7404971478e+08,1.4415971052e+07
408,1.4688000000e+06,2.7856691625e+33,-5.3367468411e+33,-2.5510776786e+33,2.2767007629e+38,2.2086076314e+38,4.1827911254e+40,-1.9758182265e+08,-7.7396204825e+08,1.4411145499e+07
414,1.4904000000e+06,2.7860302948e+33,-5.3371079734e+33,-2.5510776787e+33,2.2767007629e+38,2.2086076314e+38,4.1827911254e+40,-1.9735040041e+08,-7.7387438173e+08,1.4406319946e+07
420,1.5120000000e+06,2.7863919945e+33,-5.3374696732e+33,-2.5510776787e+33,2.2767007629e+38,2.2086076314e+38,4.1827911254e+40,-1.9711897816e+08,-7.7378671521e+08,1.4401494392e+07
426,1.5336000000e+06,2.7867542556e+33,-5.3378319344e+33,-2.5510776787e+33,2.2767007629e+38,2.2086076314e+38,4.1827911254e+40,-1.9688755591e+08,-7.7369904868e+08,1.4396668839e+07
432,1.5552000000e+06,2.7871170719e+33,-5.3381947506e+33,-2.5510776788e+33,2.2767007629e+38,2.2086076314e+38,4.1827911254e+40,-1.9665613367e+08,-7.7361138216e+08,1.4391843286e+07
438,1.5768000000e+06,2.7874804369e+33,-5.3385581157e+33,-2.5510776788e+33,2.2767007629e+38,2.2086076314e+38,4.1827911254e+40,-1.9642471142e+08,-7.7352371564e+08,1.4387017733e+07
444,1.5984000000e+06,2.7878443444e+33,-5.3389220233e+33,-2.5510776789e+33,2.2767007629e+38,2.2086076314e+38,4.1827911254e+40,-1.9619328917e+08,-7.7343604911e+08,1.4382192180e+07
450,1.6200000000e+06,2.7882087879e+33,-5.3392864668e+33,-2.5510776789e+33,2.2767007629e+38,2.2086076314e+38,4.1827911254e+40,-1.9596186692e+08,-7.7334838259e+08,1.4377366627e+07
456,1.6416000000e+06,2.7885737607e+33,-5.3396514397e+33,-2.5510776790e+33,2.2767007629e+38,2.2086076314e+38,4.1827911254e+40,-1.9573044468e+08,-7.7326071607e+08,1.4372541074e+07
462,1.6632000000e+06,2.7889392562e+33,-5.3400169352e+33,-2.5510776790e+33,2.2767007629e+38,2.2086076314e+38,4.1827911254e+40,-1.9549902243e+08,-7.7317304954e+08,1.4367715521e+07
468,1.6848000000e+06,2.7893052676e+33,-5.3403829466e+33,-2.5510776791e+33,2.2767007629e+38,2.2086076314e+38,4.1827911254e+40,-1.9526760018e+08,-7.7308538302e+08,1.4362889967e+07
474,1.7064000000e+06,2.7896717880e+33,-5.3407494671e+33,-2.5510776791e+33,2.2767007629e+38,2.2086076314e+38,4.1827911254e+40,-1.9503617794e+08,-7.7299771650e+08,1.4358064414e+07
480,1.7280000000e+06,2.7900388105e+33,-5.3411164897e+33,-2.5510776792e+33,2.2767007629e+38,2.2086076314e+38,4.1827911254e+40,-1.9480475569e+08,-7.7291004997e+08,1.4353238861e+07
486,1.7496000000e+06,2.7904063281e+33,-5.3414840073e+33,-2.5510776792e+33,2.2767007629e+38,2.2086076314e+38,4.1827911254e+40,-1.9457333344e+08,-7.7282238345e+08,1.4348413308e+07
492,1.7712000000e+06,2.7907743335e+33,-5.3418520127e+33,-2.5510776793e+33,2.2767007629e+38,2.2086076314e+38,4.1827911254e+40,-1.9434191120e+08,-7.7273471693e+08,1.4343587755e+07
498,1.7928000000e+06,2.7911428195e+33,-5.3422204988e+33,-2.5510776793e+33,2.2767007629e+38,2.2086076314e+38,4.1827911254e+40,-1.9411048895e+08,-7.7264705040e+08,1.4338762202e+07
504,1.8144000000e+06,2.7915117789e+33,-5.3425894583e+33,-2.5510776794e+33,2.2767007629e+38,2.2086076314e+38,4.1827911254e+40,-1.9387906670e+08,-7.7255938388e+08,1.4333936649e+07
510,1.8360000000e+06,2.7918812043e+33,-5.3429588837e+33,-2.5510776794e+33,2.2767007629e+38,2.2086076314e+38,4.1827911254e+40,-1.9364764446e+08,-7.7247171735e+08,1.4329111095e+07
516,1.8576000000e+06,2.7922510881e+33,-5.3433287676e+33,-2.5510776795e+33,2.2767007629e+38,2.2086076314e+38,4.1827911254e+40,-1.9341622221e+08,-7.7238405083e+08,1.4324285542e+07
522,1.8792000000e+06,2.7926214229e+33,-5.3436991024e+33,-2.5510776795e+33,2.2767007629e+38,2.2086076314e+38,4.1827911254e+40,-1.9318479996e+08,-7.7229638431e+08,1.4319459989e+07
528,1.9008000000e+06,2.7929922010e+33,-5.3440698806e+33,-2.5510776796e+33,2.2767007629e+38,2.2086076314e+38,4.1827911254e+40,-1.9295337771e+08,-7.7220871778e+08,1.4314634436e+07
534,1.9224000000e+06,2.7933634148e+33,-5.3444410944e+33,-2.5510776796e+33,2.2767007629e+38,2.2086076314e+38,4.1827911254e+40,-1.9272195547e+08,-7.7212105126e+08,1.4309808883e+07
540,1.9440000000e+06,2.7937350565e+33,-5.3448127362e+33,-2.5510776797e+33,2.2767007629e+38,2.2086076314e+38,4.1827911254e+40,-1.9249053322e+08,-7.7203338474e+08,1.4304983330e+07
546,1.9656000000e+06,2.7941071184e+33,-5.3451847981e+33,-2.5510776797e+33,2.2767007629e+38,2.2086076314e+38,4.1827911254e+40,-1.9225911097e+08,-7.7194571821e+08,1.4300157777e+07
552,1.9872000000e+06,2.7944795926e+33,-5.3455572724e+33,-2.5510776798e+33,2.2767007629e+38,2.2086076314e+38,4.1827911254e+40,-1.9202768873e+08,-7.7185805169e+08,1.4295332224e+07
558,2.0088000000e+06,2.7948524713e+33,-5.3459301511e+33,-2.5510776798e+33,2.2767007629e+38,2.2086076314e+38,4.1827911254e+40,-1.9179626648e+08,-7.7177038517e+08,1.4290506670e+07
564,2.0304000000e+06,2.7952257466e+33,-5.3463034264e+33,-2.5510776799e+33,2.2767007629e+38,2.2086076314e+38,4.1827911254e+40,-1.9156484423e+08,-7.7168271864e+08,1.4285681117e+07
570,2.0520000000e+06,2.7955994105e+33,-5.3466770905e+33,-2.5510776799e+33,2.2767007629e+38,2.2086076314e+38,4.1827911254e+40,-1.9133342199e+08,-7.7159505212e+08,1.4280855564e+07
576,2.0736000000e+06,2.7959734553e+33,-5.3470511353e+33,-2.5510776800e+33,2.2767007629e+38,2.2086076314e+38,4.1827911254e+40,-1.9110199974e+08,-7.7150738560e+08,1.4276030011e+07
582,2.0952000000e+06,2.7963478730e+33,-5.3474255530e+33,-2.5510776800e+33,2.2767007629e+38,2.2086076314e+38,4.1827911254e+40,-1.9087057749e+08,-7.7141971907e+08,1.4271204458e+07
588,2.1168000000e+06,2.7967226557e+33,-5.3478003358e+33,-2.5510776801e+33,2.2767007629e+38,2.2086076314e+38,4.1827911254e+40,-1.9063915525e+08,-7.7133205255e+08,1.4266378905e+07
594,2.1384000000e+06,2.7970977955e+33,-5.3481754756e+33,-2.5510776801e+33,2.2767007629e+38,2.2086076314e+38,4.1827911254e+40,-1.9040773300e+08,-7.7124438602e+08,1.4261553352e+07
600,2.1600000000e+06,2.7974732846e+33,-5.3485509648e+33,-2.5510776802e+33,2.2767007629e+38,2.2086076314e+38,4.1827911254e+40,-1.9017631075e+08,-7.7115671950e+08,1.4256727799e+07
606,2.1816000000e+06,2.7978491154e+33,-5.3489267956e+33,-2.5510776802e+33,2.2767007629e+38,2.2086076314e+38,4.1827911254e+40,-1.8994488851e+08,-7.7106905298e+08,1.4251902245e+07
612,2.2032000000e+06,2.7982252799e+33,-5.3493029602e+33,-2.5510776803e+33,2.2767007629e+38,2.2086076314e+38,4.1827911254e+40,-1.8971346626e+08,-7.7098138645e+08,1.4247076692e+07
618,2.2248000000e+06,2.7986017707e+33,-5.3496794510e+33,-2.5510776804e+33,2.2767007629e+38,2.2086076314e+38,4.1827911254e+40,-1.8948204401e+08,-7.7089371993e+08,1.4242251139e+07
624,2.2464000000e+06,2.7989785801e+33,-5.3500562605e+33,-2.5510776804e+33,2.2767007629e+38,2.2086076314e+38,4.1827911254e+40,-1.8925062176e+08,-7.7080605341e+08,1.4237425586e+07
630,2.2680000000e+06,2.7993557007e+33,-5.3504333811e+33,-2.5510776805e+33,2.2767007629e+38,2.2086076314e+38,4.1827911254e+40,-1.8901919952e+08,-7.7071838688e+08,1.4232600033e+07
636,2.2896000000e+06,2.7997331251e+33,-5.3508108056e+33,-2.5510776805e+33,2.2767007629e+38,2.2086076314e+38,4.1827911254e+40,-1.8878777727e+08,-7.7063072036e+08,1.4227774480e+07
642,2.3112000000e+06,2.8001108460e+33,-5.3511885265e+33,-2.5510776806e+33,2.2767007629e+38,2.2086076314e+38,4.1827911254e+40,-1.8855635502e+08,-7.7054305384e+08,1.4222948927e+07
648,2.3328000000e+06,2.8004888562e+33,-5.3515665368e+33,-2.5510776806e+33,2.2767007629e+38,2.2086076314e+38,4.1827911254e+40,-1.8832493278e+08,-7.7045538731e+08,1.4218123373e+07
654,2.3544000000e+06,2.8008671488e+33,-5.3519448295e+33,-2.5510776807e+33,2.2767007629e+38,2.2086076314e+38,4.1827911254e+40,-1.8809351053e+08,-7.7036772079e+08,1.4213297820e+07
660,2.3760000000e+06,2.8012457167e+33,-5.3523233974e+33,-2.5510776807e+33,2.2767007629e+38,2.2086076314e+38,4.1827911254e+40,-1.8786208828e+08,-7.7028005427e+08,1.4208472267e+07
666,2.3976000000e+06,2.8016245532e+33,-5.3527022339e+33,-2.5510776808e+33,2.2767007629e+38,2.2086076314e+38,4.1827911254e+40,-1.8763066604e+08,-7.7019238774e+08,1.4203646714e+07
672,2.4192000000e+06,2.8020036514e+33,-5.3530813322e+33,-2.5510776808e+33,2.2767007629e+38,2.2086076314e+38,4.1827911254e+40,-1.8739924379e+08,-7.7010472122e+08,1.4198821161e+07
678,2.4408000000e+06,2.8023830048e+33,-5.3534606856e+33,-2.5510776809e+33,2.2767007629e+38,2.2086076314e+38,4.1827911254e+40,-1.8716782154e+08,-7.7001705469e+08,1.4193995608e+07
684,2.4624000000e+06,2.8027626068e+33,-5.3538402877e+33,-2.5510776809e+33,2.2767007629e+38,2.2086076314e+38,4.1827911254e+40,-1.8693639930e+08,-7.6992938817e+08,1.4189170055e+07
690,2.4840000000e+06,2.8031424510e+33,-5.3542201319e+33,-2.5510776810e+33,2.2767007629e+38,2.2086076314e+38,4.1827911254e+40,-1.8670497705e+08,-7.6984172165e+08,1.4184344502e+07
696,2.5056000000e+06,2.8035225310e+33,-5.3546002120e+33,-2.5510776810e+33,2.2767007629e+38,2.2086076314e+38,4.1827911254e+40,-1.8647355480e+08,-7.6975405512e+08,1.4179518948e+07
702,2.5272000000e+06,2.8039028404e+33,-5.3549805215e+33,-2.5510776811e+33,2.2767007629e+38,2.2086076314e+38,4.1827911254e+40,-1.8624213256e+08,-7.6966638860e+08,1.4174693395e+07
708,2.5488000000e+06,2.8042833732e+33,-5.3553610543e+33,-2.5510776811e+33,2.2767007629e+38,2.2086076314e+38,4.1827911254e+40,-1.8601071031e+08,-7.6957872208e+08,1.4169867842e+07
714,2.5704000000e+06,2.8046641230e+33,-5.3557418041e+33,-2.5510776812e+33,2.2767007629e+38,2.2086076314e+38,4.1827911254e+40,-1.8577928806e+08,-7.6949105555e+08,1.4165042289e+07
720,2.5920000000e+06,2.8050450836e+33,-5.3561227648e+33,-2.5510776812e+33,2.2767007629e+38,2.2086076314e+38,4.1827911254e+40,-1.8554786581e+08,-7.6940338903e+08,1.4160216736e+07
726,2.6136000000e+06,2.8054262488e+33,-5.3565039301e+33,-2.5510776813e+33,2.2767007629e+38,2.2086076314e+38,4.1827911254e+40,-1.8531644357e+08,-7.6931572251e+08,1.4155391183e+07
732,2.6352000000e+06,2.8058076126e+33,-5.3568852939e+33,-2.5510776813e+33,2.2767007629e+38,2.2086076314e+38,4.1827911254e+40,-1.8508502132e+08,-7.6922805598e+08,1.4150565630e+07
738,2.6568000000e+06,2.8061891687e+33,-5.3572668500e+33,-2.5510776813e+33,2.2767007629e+38,2.2086076314e+38,4.1827911254e+40,-1.8485359907e+08,-7.6914038946e+08,1.4145740076e+07
744,2.6784000000e+06,2.8065709108e+33,-5.3576485922e+33,-2.5510776814e+33,2.2767007629e+38,2.2086076314e+38,4.1827911254e+40,-1.8462217683e+08,-7.6905272294e+08,1.4140914523e+07
750,2.7000000000e+06,2.8069528327e+33,-5.3580305141e+33,-2.5510776814e+33,2.2767007629e+38,2.2086076314e+38,4.1827911254e+40,-1.8439075458e+08,-7.6896505641e+08,1.4136088970e+07
756,2.7216000000e+06,2.8073349281e+33,-5.3584126096e+33,-2.5510776815e+33,2.2767007629e+38,2.2086076314e+38,4.1827911254e+40,-1.8415933233e+08,-7.6887738989e+08,1.4131263417e+07
762,2.7432000000e+06,2.8077171906e+33,-5.3587948721e+33,-2.5510776815e+33,2.2767007629e+38,2.2086076314e+38,4.1827911254e+40,-1.8392791009e+08,-7.6878972337e+08,1.4126437864e+07
768,2.7648000000e+06,2.8080996137e+33,-5.3591772953e+33,-2.5510776816e+33,2.2767007629e+38,2.2086076314e+38,4.1827911254e+40,-1.8369648784e+08,-7.6870205684e+08,1.4121612311e+07
774,2.7864000000e+06,2.8084821910e+33,-5.3595598726e+33,-2.5510776816e+33,2.2767007629e+38,2.2086076314e+38,4.1827911254e+40,-1.8346506559e+08,-7.6861439032e+08,1.4116786758e+07
780,2.8080000000e+06,2.8088649157e+33,-5.3599425974e+33,-2.5510776817e+33,2.2767007629e+38,2.2086076314e+38,4.1827911254e+40,-1.8323364335e+08,-7.6852672379e+08,1.4111961205e+07
786,2.8296000000e+06,2.8092477813e+33,-5.3603254630e+33,-2.5510776817e+33,2.2767007629e+38,2.2086076314e+38,4.1827911254e+40,-1.8300222110e+08,-7.6843905727e+08,1.4107135651e+07
792,2.8512000000e+06,2.8096307808e+33,-5.3607084625e+33,-2.5510776818e+33,2.2767007629e+38,2.2086076314e+38,4.1827911254e+40,-1.8277079885e+08,-7.6835139075e+08,1.4102310098e+07
798,2.8728000000e+06,2.8100139074e+33,-5.3610915892e+33,-2.5510776818e+33,2.2767007629e+38,2.2086076314e+38,4.1827911254e+40,-1.8253937661e+08,-7.6826372422e+08,1.4097484545e+07
804,2.8944000000e+06,2.8103971541e+33,-5.3614748360e+33,-2.5510776819e+33,2.2767007629e+38,2.2086076314e+38,4.1827911254e+40,-1.8230795436e+08,-7.6817605770e+08,1.4092658992e+07
810,2.9160000000e+06,2.8107805139e+33,-5.3618581959e+33,-2.5510776819e+33,2.2767007629e+38,2.2086076314e+38,4.1827911254e+40,-1.8207653211e+08,-7.6808839118e+08,1.4087833439e+07
816,2.9376000000e+06,2.8111639797e+33,-5.3622416616e+33,-2.5510776820e+33,2.2767007629e+38,2.2086076314e+38,4.1827911254e+40,-1.8184510986e+08,-7.6800072465e+08,1.4083007886e+07
822,2.9592000000e+06,2.8115475441e+33,-5.3626252261e+33,-2.5510776820e+33,2.2767007629e+38,2.2086076314e+38,4.1827911254e+40,-1.8161368762e+08,-7.6791305813e+08,1.4078182333e+07
828,2.9808000000e+06,2.8119311999e+33,-5.3630088819e+33,-2.5510776821e+33,2.2767007629e+38,2.2086076314e+38,4.1827911254e+40,-1.8138226537e+08,-7.6782539161e+08,1.4073356780e+07
834,3.0024000000e+06,2.8123149398e+33,-5.3633926219e+33,-2.5510776821e+33,2.2767007629e+38,2.2086076314e+38,4.1827911254e+40,-1.8115084312e+08,-7.6773772508e+08,1.4068531226e+07
840,3.0240000000e+06,2.8126987563e+33,-5.3637764384e+33,-2.5510776822e+33,2.2767007629e+38,2.2086076314e+38,4.1827911254e+40,-1.8091942088e+08,-7.6765005856e+08,1.4063705673e+07
846,3.0456000000e+06,2.8130826420e+33,-5.3641603242e+33,-2.5510776822e+33,2.2767007629e+38,2.2086076314e+38,4.1827911254e+40,-1.8068799863e+08,-7.6756239204e+08,1.4058880120e+07
852,3.0672000000e+06,2.8134665895e+33,-5.3645442717e+33,-2.5510776823e+33,2.2767007629e+38,2.2086076314e+38,4.1827911254e+40,-1.8045657638e+08,-7.6747472551e+08,1.4054054567e+07
858,3.0888000000e+06,2.8138505912e+33,-5.3649282735e+33,-2.5510776823e+33,2.2767007629e+38,2.2086076314e+38,4.1827911254e+40,-1.8022515414e+08,-7.6738705899e+08,1.4049229014e+07
864,3.1104000000e+06,2.8142346396e+33,-5.3653123220e+33,-2.5510776823e+33,2.2767007629e+38,2.2086076314e+38,4.1827911254e+40,-1.7999373189e+08,-7.6729939246e+08,1.4044403461e+07
870,3.1320000000e+06,2.8146187273e+33,-5.3656964097e+33,-2.5510776824e+33,2.2767007629e+38,2.2086076314e+38,4.1827911254e+40,-1.7976230964e+08,-7.6721172594e+08,1.4039577908e+07
876,3.1536000000e+06,2.8150028467e+33,-5.3660805292e+33,-2.5510776824e+33,2.2767007629e+38,2.2086076314e+38,4.1827911254e+40,-1.7953088740e+08,-7.6712405942e+08,1.4034752354e+07
882,3.1752000000e+06,2.8153869905e+33,-5.3664646729e+33,-2.5510776825e+33,2.2767007629e+38,2.2086076314e+38,4.1827911254e+40,-1.7929946515e+08,-7.6703639289e+08,1.4029926801e+07
888,3.1968000000e+06,2.8157711511e+33,-5.3668488336e+33,-2.5510776825e+33,2.2767007629e+38,2.2086076314e+38,4.1827911254e+40,-1.7906804290e+08,-7.6694872637e+08,1.4025101248e+07
894,3.2184000000e+06,2.8161553212e+33,-5.3672330037e+33,-2.5510776826e+33,2.2767007629e+38,2.2086076314e+38,4.1827911254e+40,-1.7883662066e+08,-7.6686105985e+08,1.4020275695e+07
900,3.2400000000e+06,2.8165394934e+33,-5.3676171760e+33,-2.5510776826e+33,2.2767007629e+38,2.2086076314e+38,4.1827911254e+40,-1.7860519841e+08,-7.6677339332e+08,1.4015450142e+07
906,3.2616000000e+06,2.8169236606e+33,-5.3680013433e+33,-2.5510776827e+33,2.2767007629e+38,2.2086076314e+38,4.1827911254e+40,-1.7837377616e+08,-7.6668572680e+08,1.4010624589e+07
912,3.2832000000e+06,2.8173078154e+33,-5.3683854982e+33,-2.5510776827e+33,2.2767007629e+38,2.2086076314e+38,4.1827911254e+40,-1.7814235391e+08,-7.6659806028e+08,1.4005799036e+07
918,3.3048000000e+06,2.8176919509e+33,-5.3687696337e+33,-2.5510776828e+33,2.2767007629e+38,2.2086076314e+38,4.1827911254e+40,-1.7791093167e+08,-7.6651039375e+08,1.4000973483e+07
924,3.3264000000e+06,2.8180760598e+33,-5.3691537427e+33,-2.5510776828e+33,2.2767007629e+38,2.2086076314e+38,4.1827911254e+40,-1.7767950942e+08,-7.6642272723e+08,1.3996147929e+07
930,3.3480000000e+06,2.8184601353e+33,-5.3695378182e+33,-2.5510776829e+33,2.2767007629e+38,2.2086076314e+38,4.1827911254e+40,-1.7744808717e+08,-7.6633506071e+08,1.3991322376e+07
936,3.3696000000e+06,2.8188441705e+33,-5.3699218534e+33,-2.5510776829e+33,2.2767007629e+38,2.2086076314e+38,4.1827911254e+40,-1.7721666493e+08,-7.6624739418e+08,1.3986496823e+07
942,3.3912000000e+06,2.8192281584e+33,-5.3703058414e+33,-2.5510776830e+33,2.2767007629e+38,2.2086076314e+38,4.1827911254e+40,-1.7698524268e+08,-7.6615972766e+08,1.3981671270e+07
948,3.4128000000e+06,2.8196120925e+33,-5.3706897755e+33,-2.5510776830e+33,2.2767007629e+38,2.2086076314e+38,4.1827911254e+40,-1.7675382043e+08,-7.6607206114e+08,1.3976845717e+07
954,3.4344000000e+06,2.8199959660e+33,-5.3710736490e+33,-2.5510776830e+33,2.2767007629e+38,2.2086076314e+38,4.1827911254e+40,-1.7652239819e+08,-7.6598439461e+08,1.3972020164e+07
960,3.4560000000e+06,2.8203797723e+33,-5.3714574553e+33,-2.5510776831e+33,2.2767007629e+38,2.2086076314e+38,4.1827911254e+40,-1.7629097594e+08,-7.6589672809e+08,1.3967194611e+07
966,3.4776000000e+06,2.8207635048e+33,-5.3718411880e+33,-2.5510776831e+33,2.2767007629e+38,2.2086076314e+38,4.1827911254e+40,-1.7605955369e+08,-7.6580906156e+08,1.3962369057e+07
972,3.4992000000e+06,2.8211471572e+33,-5.3722248404e+33,-2.5510776832e+33,2.2767007629e+38,2.2086076314e+38,4.1827911254e+40,-1.7582813145e+08,-7.6572139504e+08,1.3957543504e+07
978,3.5208000000e+06,2.8215307230e+33,-5.3726084063e+33,-2.5510776832e+33,2.2767007629e+38,2.2086076314e+38,4.1827911254e+40,-1.7559670920e+08,-7.6563372852e+08,1.3952717951e+07
984,3.5424000000e+06,2.8219141959e+33,-5.3729918791e+33,-2.5510776833e+33,2.2767007629e+38,2.2086076314e+38,4.1827911254e+40,-1.7536528695e+08,-7.6554606199e+08,1.3947892398e+07
990,3.5640000000e+06,2.8222975694e+33,-5.3733752528e+33,-2.5510776833e+33,2.2767007629e+38,2.2086076314e+38,4.1827911254e+40,-1.7513386471e+08,-7.6545839547e+08,1.3943066845e+07
996,3.5856000000e+06,2.8226808374e+33,-5.3737585208e+33,-2.5510776834e+33,2.2767007629e+38,2.2086076314e+38,4.1827911254e+40,-1.7490244246e+08,-7.6537072895e+08,1.3938241292e+07
1002,3.6072000000e+06,2.8230639936e+33,-5.3741416770e+33,-2.5510776834e+33,2.2767007629e+38,2.2086076314e+38,4.1827911254e+40,-1.7467102021e+08,-7.6528306242e+08,1.3933415739e+07
1008,3.6288000000e+06,2.8234470317e+33,-5.3745247152e+33,-2.5510776835e+33,2.2767007629e+38,2.2086076314e+38,4.1827911254e+40,-1.7443959796e+08,-7.6519539590e+08,1.3928590186e+07
1014,3.6504000000e+06,2.8238299455e+33,-5.3749076290e+33,-2.5510776835e+33,2.2767007629e+38,2.2086076314e+38,4.1827911254e+40,-1.7420817572e+08,-7.6510772938e+08,1.3923764632e+07
1020,3.6720000000e+06,2.8242127288e+33,-5.3752904124e+33,-2.5510776835e+33,2.2767007629e+38,2.2086076314e+38,4.1827911254e+40,-1.7397675347e+08,-7.6502006285e+08,1.3918939079e+07
1026,3.6936000000e+06,2.8245953754e+33,-5.3756730590e+33,-2.5510776836e+33,2.2767007629e+38,2.2086076314e+38,4.1827911254e+40,-1.7374533122e+08,-7.6493239633e+08,1.3914113526e+07
1032,3.7152000000e+06,2.8249778789e+33,-5.3760555626e+33,-2.5510776836e+33,2.2767007629e+38,2.2086076314e+38,4.1827911254e+40,-1.7351390898e+08,-7.6484472981e+08,1.3909287973e+07
1038,3.7368000000e+06,2.8253602333e+33,-5.3764379170e+33,-2.5510776837e+33,2.2767007629e+38,2.2086076314e+38,4.1827911254e+40,-1.7328248673e+08,-7.6475706328e+08,1.3904462420e+07
1044,3.7584000000e+06,2.8257424322e+33,-5.3768201159e+33,-2.5510776837e+33,2.2767007629e+38,2.2086076314e+38,4.1827911254e+40,-1.7305106448e+08,-7.6466939676e+08,1.3899636867e+07
1050,3.7800000000e+06,2.8261244693e+33,-5.3772021530e+33,-2.5510776838e+33,2.2767007629e+38,2.2086076314e+38,4.1827911254e+40,-1.7281964224e+08,-7.6458173023e+08,1.3894811314e+07
1056,3.8016000000e+06,2.8265063383e+33,-5.3775840221e+33,-2.5510776838e+33,2.2767007629e+38,2.2086076314e+38,4.1827911254e+40,-1.7258821999e+08,-7.6449406371e+08,1.3889985761e+07
1062,3.8232000000e+06,2.8268880328e+33,-5.3779657166e+33,-2.5510776839e+33,2.2767007629e+38,2.2086076314e+38,4.1827911254e+40,-1.7235679774e+08,-7.6440639719e+08,1.3885160207e+07
1068,3.8448000000e+06,2.8272695464e+33,-5.3783472303e+33,-2.5510776839e+33,2.2767007629e+38,2.2086076314e+38,4.1827911254e+40,-1.7212537550e+08,-7.6431873066e+08,1.3880334654e+07
1074,3.8664000000e+06,2.8276508726e+33,-5.3787285566e+33,-2.5510776840e+33,2.2767007629e+38,2.2086076314e+38,4.1827911254e+40,-1.7189395325e+08,-7.6423106414e+08,1.3875509101e+07
1080,3.8880000000e+06,2.8280320051e+33,-5.3791096891e+33,-2.5510776840e+33,2.2767007629e+38,2.2086076314e+38,4.1827911254e+40,-1.7166253100e+08,-7.6414339762e+08,1.3870683548e+07
1086,3.9096000000e+06,2.8284129371e+33,-5.3794906212e+33,-2.5510776841e+33,2.2767007629e+38,2.2086076314e+38,4.1827911254e+40,-1.7143110876e+08,-7.6405573109e+08,1.3865857995e+07
1092,3.9312000000e+06,2.8287936621e+33,-5.3798713462e+33,-2.5510776841e+33,2.2767007629e+38,2.2086076314e+38,4.1827911254e+40,-1.7119968651e+08,-7.6396806457e+08,1.3861032442e+07
1098,3.9528000000e+06,2.8291741733e+33,-5.3802518575e+33,-2.5510776842e+33,2.2767007629e+38,2.2086076314e+38,4.1827911254e+40,-1.7096826426e+08,-7.6388039805e+08,1.3856206889e+07
1104,3.9744000000e+06,2.8295544641e+33,-5.3806321483e+33,-2.5510776842e+33,2.2767007629e+38,2.2086076314e+38,4.1827911254e+40,-1.7073684201e+08,-7.6379273152e+08,1.3851381335e+07
1110,3.9960000000e+06,2.8299345276e+33,-5.3810122119e+33,-2.5510776843e+33,2.2767007629e+38,2.2086076314e+38,4.1827911254e+40,-1.7050541977e+08,-7.6370506500e+08,1.3846555782e+07
1116,4.0176000000e+06,2.8303143569e+33,-5.3813920412e+33,-2.5510776843e+33,2.2767007629e+38,2.2086076314e+38,4.1827911254e+40,-1.7027399752e+08,-7.6361739848e+08,1.3841730229e+07
1122,4.0392000000e+06,2.8306939451e+33,-5.3817716295e+33,-2.5510776844e+33,2.2767007629e+38,2.2086076314e+38,4.1827911254e+40,-1.7004257527e+08,-7.6352973195e+08,1.3836904676e+07
1128,4.0608000000e+06,2.8310732851e+33,-5.3821509695e+33,-2.5510776844e+33,2.2767007629e+38,2.2086076314e+38,4.1827911254e+40,-1.6981115303e+08,-7.6344206543e+08,1.3832079123e+07
1134,4.0824000000e+06,2.8314523697e+33,-5.3825300542e+33,-2.5510776845e+33,2.2767007629e+38,2.2086076314e+38,4.1827911254e+40,-1.6957973078e+08,-7.6335439890e+08,1.3827253570e+07
1140,4.1040000000e+06,2.8318311918e+33,-5.3829088763e+33,-2.5510776845e+33,2.2767007629e+38,2.2086076314e+38,4.1827911254e+40,-1.6934830853e+08,-7.6326673238e+08,1.3822428017e+07
1146,4.1256000000e+06,2.8322097441e+33,-5.3832874287e+33,-2.5510776846e+33,2.2767007629e+38,2.2086076314e+38,4.1827911254e+40,-1.6911688629e+08,-7.6317906586e+08,1.3817602464e+07
1152,4.1472000000e+06,2.8325880192e+33,-5.3836657038e+33,-2.5510776846e+33,2.2767007629e+38,2.2086076314e+38,4.1827911254e+40,-1.6888546404e+08,-7.6309139933e+08,1.3812776910e+07
1158,4.1688000000e+06,2.8329660096e+33,-5.3840436943e+33,-2.5510776847e+33,2.2767007629e+38,2.2086076314e+38,4.1827911254e+40,-1.6865404179e+08,-7.6300373281e+08,1.3807951357e+07
1164,4.1904000000e+06,2.8333437077e+33,-5.3844213925e+33,-2.5510776847e+33,2.2767007629e+38,2.2086076314e+38,4.1827911254e+40,-1.6842261955e+08,-7.6291606629e+08,1.3803125804e+07
1170,4.2120000000e+06,2.8337211060e+33,-5.3847987907e+33,-2.5510776848e+33,2.2767007629e+38,2.2086076314e+38,4.1827911254e+40,-1.6819119730e+08,-7.6282839976e+08,1.3798300251e+07
1176,4.2336000000e+06,2.8340981965e+33,-5.3851758813e+33,-2.5510776848e+33,2.2767007629e+38,2.2086076314e+38,4.1827911254e+40,-1.6795977505e+08,-7.6274073324e+08,1.3793474698e+07
1182,4.2552000000e+06,2.8344749715e+33,-5.3855526563e+33,-2.5510776849e+33,2.2767007629e+38,2.2086076314e+38,4.1827911254e+40,-1.6772835280e+08,-7.6265306672e+08,1.3788649145e+07
1188,4.2768000000e+06,2.8348514230e+33,-5.3859291079e+33,-2.5510776849e+33,2.2767007629e+38,2.2086076314e+38,4.1827911254e+40,-1.6749693056e+08,-7.6256540019e+08,1.3783823592e+07
1194,4.2984000000e+06,2.8352275429e+33,-5.3863052279e+33,-2.5510776850e+33,2.2767007629e+38,2.2086076314e+38,4.1827911254e+40,-1.6726550831e+08,-7.6247773367e+08,1.3778998038e+07
1200,4.3200000000e+06,2.8356033231e+33,-5.3866810081e+33,-2.5510776850e+33,2.2767007629e+38,2.2086076314e+38,4.1827911254e+40,-1.6703408606e+08,-7.6239006715e+08,1.3774172485e+07
1206,4.3416000000e+06,2.8359787553e+33,-5.3870564403e+33,-2.5510776851e+33,2.2767007629e+38,2.2086076314e+38,4.1827911254e+40,-1.6680266382e+08,-7.6230240062e+08,1.3769346932e+07
1212,4.3632000000e+06,2.8363538311e+33,-5.3874315162e+33,-2.5510776851e+33,2.2767007629e+38,2.2086076314e+38,4.1827911254e+40,-1.6657124157e+08,-7.6221473410e+08,1.3764521379e+07
1218,4.3848000000e+06,2.8367285421e+33,-5.3878062273e+33,-2.5510776852e+33,2.2767007629e+38,2.2086076314e+38,4.1827911254e+40,-1.6633981932e+08,-7.6212706758e+08,1.3759695826e+07
1224,4.4064000000e+06,2.8371028797e+33,-5.3881805649e+33,-2.5510776853e+33,2.2767007629e+38,2.2086076314e+38,4.1827911254e+40,-1.6610839708e+08,-7.6203940105e+08,1.3754870273e+07
1230,4.4280000000e+06,2.8374768352e+33,-5.3885545205e+33,-2.5510776853e+33,2.2767007629e+38,2.2086076314e+38,4.1827911254e+40,-1.6587697483e+08,-7.6195173453e+08,1.3750044720e+07
1236,4.4496000000e+06,2.8378504000e+33,-5.3889280854e+33,-2.5510776854e+33,2.2767007629e+38,2.2086076314e+38,4.1827911254e+40,-1.6564555258e+08,-7.6186406800e+08,1.3745219167e+07
1242,4.4712000000e+06,2.8382235652e+33,-5.3893012506e+33,-2.5510776854e+33,2.2767007629e+38,2.2086076314e+38,4.1827911254e+40,-1.6541413034e+08,-7.6177640148e+08,1.3740393613e+07
1248,4.4928000000e+06,2.8385963219e+33,-5.3896740073e+33,-2.5510776855e+33,2.2767007629e+38,2.2086076314e+38,4.1827911254e+40,-1.6518270809e+08,-7.6168873496e+08,1.3735568060e+07
1254,4.5144000000e+06,2.8389686611e+33,-5.3900463467e+33,-2.5510776855e+33,2.2767007629e+38,2.2086076314e+38,4.1827911254e+40,-1.6495128584e+08,-7.6160106843e+08,1.3730742507e+07
1260,4.5360000000e+06,2.8393405739e+33,-5.3904182595e+33,-2.5510776856e+33,2.2767007629e+38,2.2086076314e+38,4.1827911254e+40,-1.6471986360e+08,-7.6151340191e+08,1.3725916954e+07
1266,4.5576000000e+06,2.8397120513e+33,-5.3907897369e+33,-2.5510776857e+33,2.2767007629e+38,2.2086076314e+38,4.1827911254e+40,-1.6448844135e+08,-7.6142573539e+08,1.3721091401e+07
1272,4.5792000000e+06,2.8400830841e+33,-5.3911607698e+33,-2.5510776857e+33,2.2767007629e+38,2.2086076314e+38,4.1827911254e+40,-1.6425701910e+08,-7.6133806886e+08,1.3716265848e+07
1278,4.6008000000e+06,2.8404536633e+33,-5.3915313490e+33,-2.5510776858e+33,2.2767007629e+38,2.2086076314e+38,4.1827911254e+40,-1.6402559685e+08,-7.6125040234e+08,1.3711440295e+07
1284,4.6224000000e+06,2.8408237798e+33,-5.3919014656e+33,-2.5510776858e+33,2.2767007629e+38,2.2086076314e+38,4.1827911254e+40,-1.6379417461e+08,-7.6116273582e+08,1.3706614742e+07
1290,4.6440000000e+06,2.8411934247e+33,-5.3922711106e+33,-2.5510776859e+33,2.2767007629e+38,2.2086076314e+38,4.1827911254e+40,-1.6356275236e+08,-7.6107506929e+08,1.3701789188e+07
1296,4.6656000000e+06,2.8415625889e+33,-5.3926402748e+33,-2.5510776859e+33,2.2767007629e+38,2.2086076314e+38,4.1827911254e+40,-1.6333133011e+08,-7.6098740277e+08,1.3696963635e+07
1302,4.6872000000e+06,2.8419312636e+33,-5.3930089496e+33,-2.5510776860e+33,2.2767007629e+38,2.2086076314e+38,4.1827911254e+40,-1.6309990787e+08,-7.6089973625e+08,1.3692138082e+07
1308,4.7088000000e+06,2.8422994399e+33,-5.3933771259e+33,-2.5510776860e+33,2.2767007629e+38,2.2086076314e+38,4.1827911254e+40,-1.6286848562e+08,-7.6081206972e+08,1.3687312529e+07
1314,4.7304000000e+06,2.8426671092e+33,-5.3937447953e+33,-2.5510776861e+33,2.2767007629e+38,2.2086076314e+38,4.1827911254e+40,-1.6263706337e+08,-7.6072440320e+08,1.3682486976e+07
1320,4.7520000000e+06,2.8430342628e+33,-5.3941119490e+33,-2.5510776862e+33,2.2767007629e+38,2.2086076314e+38,4.1827911254e+40,-1.6240564113e+08,-7.6063673667e+08,1.3677661423e+07
1326,4.7736000000e+06,2.8434008924e+33,-5.3944785786e+33,-2.5510776862e+33,2.2767007629e+38,2.2086076314e+38,4.1827911254e+40,-1.6217421888e+08,-7.6054907015e+08,1.3672835870e+07
1332,4.7952000000e+06,2.8437669897e+33,-5.3948446760e+33,-2.5510776863e+33,2.2767007629e+38,2.2086076314e+38,4.1827911254e+40,-1.6194279663e+08,-7.6046140363e+08,1.3668010316e+07
1338,4.8168000000e+06,2.8441325466e+33,-5.3952102330e+33,-2.5510776863e+33,2.2767007629e+38,2.2086076314e+38,4.1827911254e+40,-1.6171137439e+08,-7.6037373710e+08,1.3663184763e+07
1344,4.8384000000e+06,2.8444975553e+33,-5.3955752417e+33,-2.5510776864e+33,2.2767007629e+38,2.2086076314e+38,4.1827911254e+40,-1.6147995214e+08,-7.6028607058e+08,1.3658359210e+07
1350,4.8600000000e+06,2.8448620081e+33,-5.3959396945e+33,-2.5510776864e+33,2.2767007629e+38,2.2086076314e+38,4.1827911254e+40,-1.6124852989e+08,-7.6019840406e+08,1.3653533657e+07
1356,4.8816000000e+06,2.8452258975e+33,-5.3963035840e+33,-2.5510776865e+33,2.2767007629e+38,2.2086076314e+38,4.1827911254e+40,-1.6101710765e+08,-7.6011073753e+08,1.3648708104e+07
1362,4.9032000000e+06,2.8455892162e+33,-5.3966669028e+33,-2.5510776865e+33,2.2767007629e+38,2.2086076314e+38,4.1827911254e+40,-1.6078568540e+08,-7.6002307101e+08,1.3643882551e+07
1368,4.9248000000e+06,2.8459519573e+33,-5.3970296439e+33,-2.5510776866e+33,2.2767007629e+38,2.2086076314e+38,4.1827911254e+40,-1.6055426315e+08,-7.5993540449e+08,1.3639056998e+07
1374,4.9464000000e+06,2.8463141138e+33,-5.3973918004e+33,-2.5510776866e+33,2.2767007629e+38,2.2086076314e+38,4.1827911254e+40,-1.6032284090e+08,-7.5984773796e+08,1.3634231445e+07
1380,4.9680000000e+06,2.8466756791e+33,-5.3977533658e+33,-2.5510776867e+33,2.2767007629e+38,2.2086076314e+38,4.1827911254e+40,-1.6009141866e+08,-7.5976007144e+08,1.3629405891e+07
1386,4.9896000000e+06,2.8470366467e+33,-5.3981143334e+33,-2.5510776867e+33,2.2767007629e+38,2.2086076314e+38,4.1827911254e+40,-1.5985999641e+08,-7.5967240492e+08,1.3624580338e+07
1392,5.0112000000e+06,2.8473970104e+33,-5.3984746971e+33,-2.5510776868e+33,2.2767007629e+38,2.2086076314e+38,4.1827911254e+40,-1.5962857416e+08,-7.5958473839e+08,1.3619754785e+07
1398,5.0328000000e+06,2.8477567639e+33,-5.3988344507e+33,-2.5510776868e+33,2.2767007629e+38,2.2086076314e+38,4.1827911254e+40,-1.5939715192e+08,-7.5949707187e+08,1.3614929232e+07
1404,5.0544000000e+06,2.8481159013e+33,-5.3991935881e+33,-2.5510776869e+33,2.2767007629e+38,2.2086076314e+38,4.1827911254e+40,-1.5916572967e+08,-7.5940940535e+08,1.3610103679e+07
1410,5.0760000000e+06,2.8484744166e+33,-5.3995521035e+33,-2.5510776869e+33,2.2767007629e+38,2.2086076314e+38,4.1827911254e+40,-1.5893430742e+08,-7.5932173882e+08,1.3605278126e+07
1416,5.0976000000e+06,2.8488323041e+33,-5.3999099910e+33,-2.5510776869e+33,2.2767007629e+38,2.2086076314e+38,4.1827911254e+40,-1.5870288518e+08,-7.5923407230e+08,1.3600452573e+07
1422,5.1192000000e+06,2.8491895579e+33,-5.4002672448e+33,-2.5510776870e+33,2.2767007629e+38,2.2086076314e+38,4.1827911254e+40,-1.5847146293e+08,-7.5914640577e+08,1.3595627019e+07
1428,5.1408000000e+06,2.8495461723e+33,-5.4006238593e+33,-2.5510776870e+33,2.2767007629e+38,2.2086076314e+38,4.1827911254e+40,-1.5824004068e+08,-7.5905873925e+08,1.3590801466e+07
1434,5.1624000000e+06,2.8499021417e+33,-5.4009798287e+33,-2.5510776871e+33,2.2767007629e+38,2.2086076314e+38,4.1827911254e+40,-1.5800861844e+08,-7.5897107273e+08,1.3585975913e+07
1440,5.1840000000e+06,2.8502574603e+33,-5.4013351474e+33,-2.5510776871e+33,2.2767007629e+38,2.2086076314e+38,4.1827911254e+40,-1.5777719619e+08,-7.5888340620e+08,1.3581150360e+07
1446,5.2056000000e+06,2.8506121224e+33,-5.4016898096e+33,-2.5510776872e+33,2.2767007629e+38,2.2086076314e+38,4.1827911254e+40,-1.5754577394e+08,-7.5879573968e+08,1.3576324807e+07
1452,5.2272000000e+06,2.8509661224e+33,-5.4020438095e+33,-2.5510776872e+33,2.2767007629e+38,2.2086076314e+38,4.1827911254e+40,-1.5731435170e+08,-7.5870807316e+08,1.3571499254e+07
1458,5.2488000000e+06,2.8513194542e+33,-5.4023971415e+33,-2.5510776872e+33,2.2767007629e+38,2.2086076314e+38,4.1827911254e+40,-1.5708292945e+08,-7.5862040663e+08,1.3566673701e+07
1464,5.2704000000e+06,2.8516721122e+33,-5.4027497995e+33,-2.5510776873e+33,2.2767007629e+38,2.2086076314e+38,4.1827911254e+40,-1.5685150720e+08,-7.5853274011e+08,1.3561848148e+07
1470,5.2920000000e+06,2.8520240904e+33,-5.4031017777e+33,-2.5510776873e+33,2.2767007629e+38,2.2086076314e+38,4.1827911254e+40,-1.5662008495e+08,-7.5844507359e+08,1.3557022594e+07
1476,5.3136000000e+06,2.8523753826e+33,-5.4034530699e+33,-2.5510776874e+33,2.2767007629e+38,2.2086076314e+38,4.1827911254e+40,-1.5638866271e+08,-7.5835740706e+08,1.3552197041e+07
1482,5.3352000000e+06,2.8527259828e+33,-5.4038036702e+33,-2.5510776874e+33,2.2767007629e+38,2.2086076314e+38,4.1827911254e+40,-1.5615724046e+08,-7.5826974054e+08,1.3547371488e+07
1488,5.3568000000e+06,2.8530758847e+33,-5.4041535721e+33,-2.5510776874e+33,2.2767007629e+38,2.2086076314e+38,4.1827911254e+40,-1.5592581821e+08,-7.5818207402e+08,1.3542545935e+07
1494,5.3784000000e+06,2.8534250820e+33,-5.4045027695e+33,-2.5510776875e+33,2.2767007629e+38,2.2086076314e+38,4.1827911254e+40,-1.5569439597e+08,-7.5809440749e+08,1.3537720382e+07
1500,5.4000000000e+06,2.8537735682e+33,-5.4048512557e+33,-2.5510776875e+33,2.2767007629e+38,2.2086076314e+38,4.1827911254e+40,-1.5546297372e+08,-7.5800674097e+08,1.3532894829e+07
1506,5.4216000000e+06,2.8541213369e+33,-5.4051990244e+33,-2.5510776876e+33,2.2767007629e+38,2.2086076314e+38,4.1827911254e+40,-1.5523155147e+08,-7.5791907444e+08,1.3528069276e+07
1512,5.4432000000e+06,2.8544683813e+33,-5.4055460689e+33,-2.5510776876e+33,2.2767007629e+38,2.2086076314e+38,4.1827911254e+40,-1.5500012923e+08,-7.5783140792e+08,1.3523243723e+07
1518,5.4648000000e+06,2.8548146947e+33,-5.4058923823e+33,-2.5510776877e+33,2.2767007629e+38,2.2086076314e+38,4.1827911254e+40,-1.5476870698e+08,-7.5774374140e+08,1.3518418169e+07
1524,5.4864000000e+06,2.8551602703e+33,-5.4062379580e+33,-2.5510776877e+33,2.2767007629e+38,2.2086076314e+38,4.1827911254e+40,-1.5453728473e+08,-7.5765607487e+08,1.3513592616e+07
1530,5.5080000000e+06,2.8555051012e+33,-5.4065827890e+33,-2.5510776877e+33,2.2767007629e+38,2.2086076314e+38,4.1827911254e+40,-1.5430586249e+08,-7.5756840835e+08,1.3508767063e+07
1536,5.5296000000e+06,2.8558491804e+33,-5.4069268682e+33,-2.5510776878e+33,2.2767007629e+38,2.2086076314e+38,4.1827911254e+40,-1.5407444024e+08,-7.5748074183e+08,1.3503941510e+07
1542,5.5512000000e+06,2.8561925009e+33,-5.4072701887e+33,-2.5510776878e+33,2.2767007629e+38,2.2086076314e+38,4.1827911254e+40,-1.5384301799e+08,-7.5739307530e+08,1.3499115957e+07
1548,5.5728000000e+06,2.8565350555e+33,-5.4076127434e+33,-2.5510776879e+33,2.2767007629e+38,2.2086076314e+38,4.1827911254e+40,-1.5361159575e+08,-7.5730540878e+08,1.3494290404e+07
1554,5.5944000000e+06,2.8568768371e+33,-5.4079545251e+33,-2.5510776879e+33,2.2767007629e+38,2.2086076314e+38,4.1827911254e+40,-1.5338017350e+08,-7.5721774226e+08,1.3489464851e+07
1560,5.6160000000e+06,2.8572178386e+33,-5.4082955266e+33,-2.5510776880e+33,2.2767007629e+38,2.2086076314e+38,4.1827911254e+40,-1.5314875125e+08,-7.5713007573e+08,1.3484639297e+07
1566,5.6376000000e+06,2.8575580527e+33,-5.4086357407e+33,-2.5510776880e+33,2.2767007629e+38,2.2086076314e+38,4.1827911254e+40,-1.5291732900e+08,-7.5704240921e+08,1.3479813744e+07
1572,5.6592000000e+06,2.8578974722e+33,-5.4089751602e+33,-2.5510776881e+33,2.2767007629e+38,2.2086076314e+38,4.1827911254e+40,-1.5268590676e+08,-7.5695474269e+08,1.3474988191e+07
1578,5.6808000000e+06,2.8582360898e+33,-5.4093137779e+33,-2.5510776881e+33,2.2767007629e+38,2.2086076314e+38,4.1827911254e+40,-1.5245448451e+08,-7.5686707616e+08,1.3470162638e+07
1584,5.7024000000e+06,2.8585738984e+33,-5.4096515866e+33,-2.5510776881e+33,2.2767007629e+38,2.2086076314e+38,4.1827911254e+40,-1.5222306226e+08,-7.5677940964e+08,1.3465337085e+07
1590,5.7240000000e+06,2.8589108908e+33,-5.4099885790e+33,-2.5510776882e+33,2.2767007629e+38,2.2086076314e+38,4.1827911254e+40,-1.5199164002e+08,-7.5669174311e+08,1.3460511532e+07
1596,5.7456000000e+06,2.8592470597e+33,-5.4103247479e+33,-2.5510776882e+33,2.2767007629e+38,2.2086076314e+38,4.1827911254e+40,-1.5176021777e+08,-7.5660407659e+08,1.3455685979e+07
1602,5.7672000000e+06,2.8595823980e+33,-5.4106600863e+33,-2.5510776883e+33,2.2767007629e+38,2.2086076314e+38,4.1827911254e+40,-1.5152879552e+08,-7.5651641007e+08,1.3450860426e+07
1608,5.7888000000e+06,2.8599168987e+33,-5.4109945870e+33,-2.5510776883e+33,2.2767007629e+38,2.2086076314e+38,4.1827911254e+40,-1.5129737328e+08,-7.5642874354e+08,1.3446034872e+07
1614,5.8104000000e+06,2.8602505546e+33,-5.4113282430e+33,-2.5510776884e+33,2.2767007629e+38,2.2086076314e+38,4.1827911254e+40,-1.5106595103e+08,-7.5634107702e+08,1.3441209319e+07
1620,5.8320000000e+06,2.8605833588e+33,-5.4116610472e+33,-2.5510776884e+33,2.2767007629e+38,2.2086076314e+38,4.1827911254e+40,-1.5083452878e+08,-7.5625341050e+08,1.3436383766e+07
1626,5.8536000000e+06,2.8609153043e+33,-5.4119929927e+33,-2.5510776884e+33,2.2767007629e+38,2.2086076314e+38,4.1827911254e+40,-1.5060310654e+08,-7.5616574397e+08,1.3431558213e+07
1632,5.8752000000e+06,2.8612463842e+33,-5.4123240727e+33,-2.5510776885e+33,2.2767007629e+38,2.2086076314e+38,4.1827911254e+40,-1.5037168429e+08,-7.5607807745e+08,1.3426732660e+07
1638,5.8968000000e+06,2.8615765917e+33,-5.4126542803e+33,-2.5510776885e+33,2.2767007629e+38,2.2086076314e+38,4.1827911254e+40,-1.5014026204e+08,-7.5599041093e+08,1.3421907107e+07
1644,5.9184000000e+06,2.8619059202e+33,-5.4129836087e+33,-2.5510776886e+33,2.2767007629e+38,2.2086076314e+38,4.1827911254e+40,-1.4990883980e+08,-7.5590274440e+08,1.3417081554e+07
1650,5.9400000000e+06,2.8622343628e+33,-5.4133120514e+33,-2.5510776886e+33,2.2767007629e+38,2.2086076314e+38,4.1827911254e+40,-1.4967741755e+08,-7.5581507788e+08,1.3412256001e+07
1656,5.9616000000e+06,2.8625619131e+33,-5.4136396018e+33,-2.5510776887e+33,2.2767007629e+38,2.2086076314e+38,4.1827911254e+40,-1.4944599530e+08,-7.5572741136e+08,1.3407430447e+07
1662,5.9832000000e+06,2.8628885645e+33,-5.4139662532e+33,-2.5510776887e+33,2.2767007629e+38,2.2086076314e+38,4.1827911254e+40,-1.4921457305e+08,-7.5563974483e+08,1.3402604894e+07
1668,6.0048000000e+06,2.8632143106e+33,-5.4142919994e+33,-2.5510776887e+33,2.2767007629e+38,2.2086076314e+38,4.1827911254e+40,-1.4898315081e+08,-7.5555207831e+08,1.3397779341e+07
1674,6.0264000000e+06,2.8635391450e+33,-5.4146168338e+33,-2.5510776888e+33,2.2767007629e+38,2.2086076314e+38,4.1827911254e+40,-1.4875172856e+08,-7.5546441179e+08,1.3392953788e+07
1680,6.0480000000e+06,2.8638630615e+33,-5.4149407503e+33,-2.5510776888e+33,2.2767007629e+38,2.2086076314e+38,4.1827911254e+40,-1.4852030631e+08,-7.5537674526e+08,1.3388128235e+07
1686,6.0696000000e+06,2.8641860538e+33,-5.4152637426e+33,-2.5510776889e+33,2.2767007629e+38,2.2086076314e+38,4.1827911254e+40,-1.4828888407e+08,-7.5528907874e+08,1.3383302682e+07
1692,6.0912000000e+06,2.8645081157e+33,-5.4155858046e+33,-2.5510776889e+33,2.2767007629e+38,2.2086076314e+38,4.1827911254e+40,-1.4805746182e+08,-7.5520141221e+08,1.3378477129e+07
1698,6.1128000000e+06,2.8648292412e+33,-5.4159069301e+33,-2.5510776889e+33,2.2767007629e+38,2.2086076314e+38,4.1827911254e+40,-1.4782603957e+08,-7.5511374569e+08,1.3373651575e+07
1704,6.1344000000e+06,2.8651494243e+33,-5.4162271132e+33,-2.5510776890e+33,2.2767007629e+38,2.2086076314e+38,4.1827911254e+40,-1.4759461733e+08,-7.5502607917e+08,1.3368826022e+07
1710,6.1560000000e+06,2.8654686589e+33,-5.4165463479e+33,-2.5510776890e+33,2.2767007629e+38,2.2086076314e+38,4.1827911254e+40,-1.4736319508e+08,-7.5493841264e+08,1.3364000469e+07
1716,6.1776000000e+06,2.8657869391e+33,-5.4168646282e+33,-2.5510776891e+33,2.2767007629e+38,2.2086076314e+38,4.1827911254e+40,-1.4713177283e+08,-7.5485074612e+08,1.3359174916e+07
1722,6.1992000000e+06,2.8661042591e+33,-5.4171819483e+33,-2.5510776891e+33,2.2767007629e+38,2.2086076314e+38,4.1827911254e+40,-1.4690035059e+08,-7.5476307960e+08,1.3354349363e+07
1728,6.2208000000e+06,2.8664206131e+33,-5.4174983022e+33,-2.5510776891e+33,2.2767007629e+38,2.2086076314e+38,4.1827911254e+40,-1.4666892834e+08,-7.5467541307e+08,1.3349523810e+07
1734,6.2424000000e+06,2.8667359952e+33,-5.4178136844e+33,-2.5510776892e+33,2.2767007629e+38,2.2086076314e+38,4.1827911254e+40,-1.4643750609e+08,-7.5458774655e+08,1.3344698257e+07
1740,6.2640000000e+06,2.8670503996e+33,-5.4181280888e+33,-2.5510776892e+33,2.2767007629e+38,2.2086076314e+38,4.1827911254e+40,-1.4620608384e+08,-7.5450008003e+08,1.3339872704e+07
1746,6.2856000000e+06,2.8673638206e+33,-5.4184415099e+33,-2.5510776893e+33,2.2767007629e+38,2.2086076314e+38,4.1827911254e+40,-1.4597466160e+08,-7.5441241350e+08,1.3335047150e+07
1752,6.3072000000e+06,2.8676762525e+33,-5.4187539418e+33,-2.5510776893e+33,2.2767007629e+38,2.2086076314e+38,4.1827911254e+40,-1.4574323935e+08,-7.5432474698e+08,1.3330221597e+07
1758,6.3288000000e+06,2.8679876896e+33,-5.4190653789e+33,-2.5510776893e+33,2.2767007629e+38,2.2086076314e+38,4.1827911254e+40,-1.4551181710e+08,-7.5423708046e+08,1.3325396044e+07
1764,6.3504000000e+06,2.8682981261e+33,-5.4193758155e+33,-2.5510776894e+33,2.2767007629e+38,2.2086076314e+38,4.1827911254e+40,-1.4528039486e+08,-7.5414941393e+08,1.3320570491e+07
1770,6.3720000000e+06,2.8686075564e+33,-5.4196852458e+33,-2.5510776894e+33,2.2767007629e+38,2.2086076314e+38,4.1827911254e+40,-1.4504897261e+08,-7.5406174741e+08,1.3315744938e+07
1776,6.3936000000e+06,2.8689159746e+33,-5.4199936641e+33,-2.5510776895e+33,2.2767007629e+38,2.2086076314e+38,4.1827911254e+40,-1.4481755036e+08,-7.5397408088e+08,1.3310919385e+07
1782,6.4152000000e+06,2.8692233752e+33,-5.4203010647e+33,-2.5510776895e+33,2.2767007629e+38,2.2086076314e+38,4.1827911254e+40,-1.4458612812e+08,-7.5388641436e+08,1.3306093832e+07
1788,6.4368000000e+06,2.8695297524e+33,-5.4206074419e+33,-2.5510776896e+33,2.2767007629e+38,2.2086076314e+38,4.1827911254e+40,-1.4435470587e+08,-7.5379874784e+08,1.3301268278e+07
1794,6.4584000000e+06,2.8698351004e+33,-5.4209127900e+33,-2.5510776896e+33,2.2767007629e+38,2.2086076314e+38,4.1827911254e+40,-1.4412328362e+08,-7.5371108131e+08,1.3296442725e+07
1800,6.4800000000e+06,2.8701394134e+33,-5.4212171031e+33,-2.5510776896e+33,2.2767007629e+38,2.2086076314e+38,4.1827911254e+40,-1.4389186138e+08,-7.5362341479e+08,1.3291617172e+07
1806,6.5016000000e+06,2.8704426857e+33,-5.4215203754e+33,-2.5510776897e+33,2.2767007629e+38,2.2086076314e+38,4.1827911254e+40,-1.4366043913e+08,-7.5353574827e+08,1.3286791619e+07
1812,6.5232000000e+06,2.8707449114e+33,-5.4218226011e+33,-2.5510776897e+33,2.2767007629e+38,2.2086076314e+38,4.1827911254e+40,-1.4342901688e+08,-7.5344808174e+08,1.3281966066e+07
1818,6.5448000000e+06,2.8710460845e+33,-5.4221237743e+33,-2.5510776898e+33,2.2767007629e+38,2.2086076314e+38,4.1827911254e+40,-1.4319759464e+08,-7.5336041522e+08,1.3277140513e+07
1824,6.5664000000e+06,2.8713461993e+33,-5.4224238891e+33,-2.5510776898e+33,2.2767007629e+38,2.2086076314e+38,4.1827911254e+40,-1.4296617239e+08,-7.5327274870e+08,1.3272314960e+07
1830,6.5880000000e+06,2.8716452496e+33,-5.4227229395e+33,-2.5510776898e+33,2.2767007629e+38,2.2086076314e+38,4.1827911254e+40,-1.4273475014e+08,-7.5318508217e+08,1.3267489407e+07
1836,6.6096000000e+06,2.8719432295e+33,-5.4230209194e+33,-2.5510776899e+33,2.2767007629e+38,2.2086076314e+38,4.1827911254e+40,-1.4250332789e+08,-7.5309741565e+08,1.3262663853e+07
1842,6.6312000000e+06,2.8722401328e+33,-5.4233178227e+33,-2.5510776899e+33,2.2767007629e+38,2.2086076314e+38,4.1827911254e+40,-1.4227190565e+08,-7.5300974913e+08,1.3257838300e+07
1848,6.6528000000e+06,2.8725359533e+33,-5.4236136433e+33,-2.5510776900e+33,2.2767007629e+38,2.2086076314e+38,4.1827911254e+40,-1.4204048340e+08,-7.5292208260e+08,1.3253012747e+07
1854,6.6744000000e+06,2.8728306849e+33,-5.4239083749e+33,-2.5510776900e+33,2.2767007629e+38,2.2086076314e+38,4.1827911254e+40,-1.4180906115e+08,-7.5283441608e+08,1.3248187194e+07
1860,6.6960000000e+06,2.8731243211e+33,-5.4242020112e+33,-2.5510776901e+33,2.2767007629e+38,2.2086076314e+38,4.1827911254e+40,-1.4157763891e+08,-7.5274674956e+08,1.3243361641e+07
1866,6.7176000000e+06,2.8734168555e+33,-5.4244945456e+33,-2.5510776901e+33,2.2767007629e+38,2.2086076314e+38,4.1827911254e+40,-1.4134621666e+08,-7.5265908303e+08,1.3238536088e+07
1872,6.7392000000e+06,2.8737082817e+33,-5.4247859719e+33,-2.5510776901e+33,2.2767007629e+38,2.2086076314e+38,4.1827911254e+40,-1.4111479441e+08,-7.5257141651e+08,1.3233710535e+07
1878,6.7608000000e+06,2.8739985930e+33,-5.4250762832e+33,-2.5510776902e+33,2.2767007629e+38,2.2086076314e+38,4.1827911254e+40,-1.4088337217e+08,-7.5248374998e+08,1.3228884982e+07
1884,6.7824000000e+06,2.8742877827e+33,-5.4253654729e+33,-2.5510776902e+33,2.2767007629e+38,2.2086076314e+38,4.1827911254e+40,-1.4065194992e+08,-7.5239608346e+08,1.3224059428e+07
1890,6.8040000000e+06,2.8745758440e+33,-5.4256535343e+33,-2.5510776903e+33,2.2767007629e+38,2.2086076314e+38,4.1827911254e+40,-1.4042052767e+08,-7.5230841694e+08,1.3219233875e+07
1896,6.8256000000e+06,2.8748627699e+33,-5.4259404602e+33,-2.5510776903e+33,2.2767007629e+38,2.2086076314e+38,4.1827911254e+40,-1.4018910543e+08,-7.5222075041e+08,1.3214408322e+07
1902,6.8472000000e+06,2.8751485534e+33,-5.4262262438e+33,-2.5510776904e+33,2.2767007629e+38,2.2086076314e+38,4.1827911254e+40,-1.3995768318e+08,-7.5213308389e+08,1.3209582769e+07
1908,6.8688000000e+06,2.8754331874e+33,-5.4265108778e+33,-2.5510776904e+33,2.2767007629e+38,2.2086076314e+38,4.1827911254e+40,-1.3972626093e+08,-7.5204541737e+08,1.3204757216e+07
1914,6.8904000000e+06,2.8757166645e+33,-5.4267943550e+33,-2.5510776905e+33,2.2767007629e+38,2.2086076314e+38,4.1827911254e+40,-1.3949483869e+08,-7.5195775084e+08,1.3199931663e+07
1920,6.9120000000e+06,2.8759989775e+33,-5.4270766680e+33,-2.5510776905e+33,2.2767007629e+38,2.2086076314e+38,4.1827911254e+40,-1.3926341644e+08,-7.5187008432e+08,1.3195106110e+07
1926,6.9336000000e+06,2.8762801186e+33,-5.4273578092e+33,-2.5510776906e+33,2.2767007629e+38,2.2086076314e+38,4.1827911254e+40,-1.3903199419e+08,-7.5178241780e+08,1.3190280556e+07
1932,6.9552000000e+06,2.8765600805e+33,-5.4276377711e+33,-2.5510776906e+33,2.2767007629e+38,2.2086076314e+38,4.1827911254e+40,-1.3880057194e+08,-7.5169475127e+08,1.3185455003e+07
1938,6.9768000000e+06,2.8768388553e+33,-5.4279165459e+33,-2.5510776907e+33,2.2767007629e+38,2.2086076314e+38,4.1827911254e+40,-1.3856914970e+08,-7.5160708475e+08,1.3180629450e+07
1944,6.9984000000e+06,2.8771164352e+33,-5.4281941259e+33,-2.5510776907e+33,2.2767007629e+38,2.2086076314e+38,4.1827911254e+40,-1.3833772745e+08,-7.5151941823e+08,1.3175803897e+07
1950,7.0200000000e+06,2.8773928123e+33,-5.4284705030e+33,-2.5510776907e+33,2.2767007629e+38,2.2086076314e+38,4.1827911254e+40,-1.3810630520e+08,-7.5143175170e+08,1.3170978344e+07
1956,7.0416000000e+06,2.8776679786e+33,-5.4287456694e+33,-2.5510776908e+33,2.2767007629e+38,2.2086076314e+38,4.1827911254e+40,-1.3787488296e+08,-7.5134408518e+08,1.3166152791e+07
1962,7.0632000000e+06,2.8779419262e+33,-5.4290196171e+33,-2.5510776908e+33,2.2767007629e+38,2.2086076314e+38,4.1827911254e+40,-1.3764346071e+08,-7.5125641865e+08,1.3161327238e+07
1968,7.0848000000e+06,2.8782146470e+33,-5.4292923379e+33,-2.5510776909e+33,2.2767007629e+38,2.2086076314e+38,4.1827911254e+40,-1.3741203846e+08,-7.5116875213e+08,1.3156501685e+07
1974,7.1064000000e+06,2.8784861328e+33,-5.4295638237e+33,-2.5510776909e+33,2.2767007629e+38,2.2086076314e+38,4.1827911254e+40,-1.3718061622e+08,-7.5108108561e+08,1.3151676131e+07
1980,7.1280000000e+06,2.8787563756e+33,-5.4298340666e+33,-2.5510776910e+33,2.2767007629e+38,2.2086076314e+38,4.1827911254e+40,-1.3694919397e+08,-7.5099341908e+08,1.3146850578e+07
1986,7.1496000000e+06,2.8790253674e+33,-5.4301030585e+33,-2.5510776910e+33,2.2767007629e+38,2.2086076314e+38,4.1827911254e+40,-1.3671777172e+08,-7.5090575256e+08,1.3142025025e+07
1992,7.1712000000e+06,2.8792931003e+33,-5.4303707913e+33,-2.5510776911e+33,2.2767007629e+38,2.2086076314e+38,4.1827911254e+40,-1.3648634948e+08,-7.5081808604e+08,1.3137199472e+07
1998,7.1928000000e+06,2.8795595663e+33,-5.4306372574e+33,-2.5510776911e+33,2.2767007629e+38,2.2086076314e+38,4.1827911254e+40,-1.3625492723e+08,-7.5073041951e+08,1.3132373919e+07
2004,7.2144000000e+06,2.8798247577e+33,-5.4309024488e+33,-2.5510776912e+33,2.2767007629e+38,2.2086076314e+38,4.1827911254e+40,-1.3602350498e+08,-7.5064275299e+08,1.3127548366e+07
2010,7.2360000000e+06,2.8800886669e+33,-5.4311663581e+33,-2.5510776912e+33,2.2767007629e+38,2.2086076314e+38,4.1827911254e+40,-1.3579208274e+08,-7.5055508647e+08,1.3122722813e+07
2016,7.2576000000e+06,2.8803512867e+33,-5.4314289779e+33,-2.5510776913e+33,2.2767007629e+38,2.2086076314e+38,4.1827911254e+40,-1.3556066049e+08,-7.5046741994e+08,1.3117897259e+07
2022,7.2792000000e+06,2.8806126097e+33,-5.4316903010e+33,-2.5510776913e+33,2.2767007629e+38,2.2086076314e+38,4.1827911254e+40,-1.3532923824e+08,-7.5037975342e+08,1.3113071706e+07
2028,7.3008000000e+06,2.8808726291e+33,-5.4319503204e+33,-2.5510776913e+33,2.2767007629e+38,2.2086076314e+38,4.1827911254e+40,-1.3509781599e+08,-7.5029208690e+08,1.3108246153e+07
2034,7.3224000000e+06,2.8811313382e+33,-5.4322090296e+33,-2.5510776914e+33,2.2767007629e+38,2.2086076314e+38,4.1827911254e+40,-1.3486639375e+08,-7.5020442037e+08,1.3103420600e+07
2040,7.3440000000e+06,2.8813887307e+33,-5.4324664222e+33,-2.5510776914e+33,2.2767007629e+38,2.2086076314e+38,4.1827911254e+40,-1.3463497150e+08,-7.5011675385e+08,1.3098595047e+07
2046,7.3656000000e+06,2.8816448006e+33,-5.4327224920e+33,-2.5510776915e+33,2.2767007629e+38,2.2086076314e+38,4.1827911254e+40,-1.3440354925e+08,-7.5002908732e+08,1.3093769494e+07
2052,7.3872000000e+06,2.8818995420e+33,-5.4329772335e+33,-2.5510776915e+33,2.2767007629e+38,2.2086076314e+38,4.1827911254e+40,-1.3417212701e+08,-7.4994142080e+08,1.3088943941e+07
2058,7.4088000000e+06,2.8821529496e+33,-5.4332306412e+33,-2.5510776915e+33,2.2767007629e+38,2.2086076314e+38,4.1827911254e+40,-1.3394070476e+08,-7.4985375428e+08,1.3084118388e+07
2064,7.4304000000e+06,2.8824050183e+33,-5.4334827099e+33,-2.5510776916e+33,2.2767007629e+38,2.2086076314e+38,4.1827911254e+40,-1.3370928251e+08,-7.4976608775e+08,1.3079292834e+07
2070,7.4520000000e+06,2.8826557433e+33,-5.4337334349e+33,-2.5510776916e+33,2.2767007629e+38,2.2086076314e+38,4.1827911254e+40,-1.3347786027e+08,-7.4967842123e+08,1.3074467281e+07
2076,7.4736000000e+06,2.8829051201e+33,-5.4339828117e+33,-2.5510776916e+33,2.2767007629e+38,2.2086076314e+38,4.1827911254e+40,-1.3324643802e+08,-7.4959075471e+08,1.3069641728e+07
2082,7.4952000000e+06,2.8831531445e+33,-5.4342308361e+33,-2.5510776917e+33,2.2767007629e+38,2.2086076314e+38,4.1827911254e+40,-1.3301501577e+08,-7.4950308818e+08,1.3064816175e+07
2088,7.5168000000e+06,2.8833998124e+33,-5.4344775041e+33,-2.5510776917e+33,2.2767007629e+38,2.2086076314e+38,4.1827911254e+40,-1.3278359353e+08,-7.4941542166e+08,1.3059990622e+07
2094,7.5384000000e+06,2.8836451203e+33,-5.4347228120e+33,-2.5510776917e+33,2.2767007629e+38,2.2086076314e+38,4.1827911254e+40,-1.3255217128e+08,-7.4932775514e+08,1.3055165069e+07
2100,7.5600000000e+06,2.8838890645e+33,-5.4349667562e+33,-2.5510776917e+33,2.2767007629e+38,2.2086076314e+38,4.1827911254e+40,-1.3232074903e+08,-7.4924008861e+08,1.3050339516e+07
2106,7.5816000000e+06,2.8841316416e+33,-5.4352093334e+33,-2.5510776918e+33,2.2767007629e+38,2.2086076314e+38,4.1827911254e+40,-1.3208932679e+08,-7.4915242209e+08,1.3045513963e+07
2112,7.6032000000e+06,2.8843728485e+33,-5.4354505403e+33,-2.5510776918e+33,2.2767007629e+38,2.2086076314e+38,4.1827911254e+40,-1.3185790454e+08,-7.4906475557e+08,1.3040688409e+07
2118,7.6248000000e+06,2.8846126820e+33,-5.4356903738e+33,-2.5510776918e+33,2.2767007629e+38,2.2086076314e+38,4.1827911254e+40,-1.3162648229e+08,-7.4897708904e+08,1.3035862856e+07
2124,7.6464000000e+06,2.8848511390e+33,-5.4359288309e+33,-2.5510776918e+33,2.2767007629e+38,2.2086076314e+38,4.1827911254e+40,-1.3139506004e+08,-7.4888942252e+08,1.3031037303e+07
2130,7.6680000000e+06,2.8850882166e+33,-5.4361659084e+33,-2.5510776919e+33,2.2767007629e+38,2.2086076314e+38,4.1827911254e+40,-1.3116363780e+08,-7.4880175600e+08,1.3026211750e+07
2136,7.6896000000e+06,2.8853239116e+33,-5.4364016035e+33,-2.5510776919e+33,2.2767007629e+38,2.2086076314e+38,4.1827911254e+40,-1.3093221555e+08,-7.4871408947e+08,1.3021386197e+07
2142,7.7112000000e+06,2.8855582210e+33,-5.4366359130e+33,-2.5510776919e+33,2.2767007629e+38,2.2086076314e+38,4.1827911254e+40,-1.3070079330e+08,-7.4862642295e+08,1.3016560644e+07
2148,7.7328000000e+06,2.8857911419e+33,-5.4368688338e+33,-2.5510776919e+33,2.2767007629e+38,2.2086076314e+38,4.1827911254e+40,-1.3046937106e+08,-7.4853875642e+08,1.3011735091e+07
2154,7.7544000000e+06,2.8860226709e+33,-5.4371003629e+33,-2.5510776920e+33,2.2767007629e+38,2.2086076314e+38,4.1827911254e+40,-1.3023794881e+08,-7.4845108990e+08,1.3006909537e+07
2160,7.7760000000e+06,2.8862528050e+33,-5.4373304970e+33,-2.5510776920e+33,2.2767007629e+38,2.2086076314e+38,4.1827911254e+40,-1.3000652656e+08,-7.4836342338e+08,1.3002083984e+07
