step,time_internal,Epot_internal,Ekin_internal,Etot_internal,T_internal
10,0.1,-6959.30159269026,1820.72373379644,-5138.57785889382,0.607211517023993
20,0.2,-7457.79906465139,2316.79438851973,-5141.00467613166,0.77265112173411
30,0.3,-7646.91450529966,2504.56815408307,-5142.34635121659,0.835273688205127
40,0.4,-7660.23541229097,2517.29905872395,-5142.93635356703,0.839519445964298
50,0.5,-7662.77197879147,2519.63587073456,-5143.13610805691,0.84029877296467
60,0.6,-7649.6209419578,2506.80454875196,-5142.81639320585,0.836019526013659
70,0.7,-7680.95195378742,2538.18517787523,-5142.76677591219,0.846484968442632
80,0.8,-7694.88758259839,2551.87171377847,-5143.01586881992,0.851049429307476
90,0.900000000000001,-7691.52586480388,2549.09989026658,-5142.4259745373,0.850125025935161
100,1,-7701.28869813558,2558.92931879962,-5142.35937933596,0.853403141170459
