step,time_internal,Epot_internal,Ekin_internal,Etot_internal,T_internal,T_CH3_K,T_CH2_K
100,0.0911836751892935,750709.630414474,863834.583238048,1614544.21365252,288.088905532115,286.692177858437,288.779983226623
200,0.182367350378587,739509.745154272,875949.226656689,1615458.97181096,292.129140122291,278.666880453669,300.860538951269
300,0.273551025567881,724234.92494356,886158.271730586,1610393.19667415,295.533857505615,287.243887719508,300.814225815097
400,0.364734700757174,724731.893434427,883017.183077958,1607749.07651239,294.486304178075,288.276900662103,298.380501268575
500,0.455918375946468,741230.676631866,873506.587008316,1614737.26364018,291.314519595903,291.911164638293,290.673994134646
600,0.547102051135759,734340.553485123,872565.157733507,1606905.71121863,291.000552854263,288.823406905942,292.209483025764
700,0.638285726325047,730301.194277241,881933.193402102,1612234.38767934,294.124793530799,296.137361779639,292.537977370298
800,0.729469401514335,749842.831293343,867621.344259587,1617464.17555293,289.35179064852,281.264243596244,294.502362191164
900,0.820653076703623,720463.502534084,890999.649178056,1611463.15171214,297.148457287996,294.65607870836,298.562419293347
1000,0.911836751892911,751549.822473172,859373.644382393,1610923.46685556,286.601182051823,283.199921780208,288.629854581189
1100,1.0030204270822,737405.35421143,875296.129257289,1612701.48346872,291.911332085139,295.003075927685,289.606910080036
1200,1.0942041022715,732596.767970822,879398.81855884,1611995.58652966,293.279579309268,288.306831416929,296.350344921403
1300,1.1853877774608,722917.138499103,884492.947185963,1607410.08568507,294.978471631136,293.91951166146,295.438629551227
1400,1.2765714526501,736441.435099268,875658.105900921,1612099.54100019,292.03205132597,301.486355547628,285.485821802093
1500,1.3677551278394,729677.953704841,880140.998528315,1609818.95223316,293.527096390967,294.144925070075,292.870604691236
1600,1.45893880302869,753813.904034004,856664.425974764,1610478.33000877,285.697657486998,282.834605883587,287.3682771747
1700,1.55012247821799,733461.101225758,882577.331369929,1616038.43259569,294.339613596775,294.677936416202,293.868782039159
1800,1.64130615340729,726657.605512818,882846.431213512,1609504.03672633,294.429358417046,293.681726037238,294.682422204904
1900,1.73248982859659,750873.836172755,862142.034783427,1613015.87095618,287.524440481383,277.529308073299,293.948258386372
2000,1.82367350378589,727016.600920309,883429.312983605,1610445.91390391,294.62374953597,296.606834671218,293.056172987858
2100,1.91485717897519,735257.682613443,878002.209250361,1613259.8918638,292.813809988448,297.693161010649,289.316897798657
2200,2.00604085416449,742327.252706162,864910.475402254,1607237.72810842,288.447715658581,288.121192517392,288.425024656324
2300,2.09722452935379,758188.324521394,855488.336719717,1613676.66124111,285.305431622384,286.911802716851,283.996763033053
2400,2.18840820454309,736196.529976215,876556.948042522,1612753.47801874,292.331815255135,287.385615174553,295.385672129477
2500,2.27959187973239,749356.990153441,868250.319428526,1617607.30958197,289.561553919802,293.843616793613,286.465544042328
2600,2.37077555492169,724759.271579375,888197.345101695,1612956.61668107,296.213888644888,303.789810274778,290.916429317756
2700,2.46195923011099,750390.191134656,865586.743252717,1615976.93438737,288.673251043094,282.181239864976,292.760697452636
2800,2.55314290530028,725412.40420045,884585.481862106,1609997.88606256,295.009331953345,287.379198249076,299.85024664623
2900,2.64432658048958,727600.870621388,882578.815521347,1610179.68614273,294.340108561396,287.34587807725,298.757645460359
3000,2.73551025567888,722884.929287607,885059.543470257,1607944.47275786,295.167431539189,284.059343802539,302.326850504006
3100,2.82669393086818,745653.466147931,870131.396561351,1615784.86270928,290.188893300434,291.077478069065,289.354679376929
3200,2.91787760605748,738331.829459351,875044.139088687,1613375.96854804,291.8272933429,288.981358809326,293.481393620833
3300,3.00906128124678,720787.758733215,891715.91795648,1612503.6766897,297.387332985319,292.735392685967,300.240803740733
3400,3.10024495643608,727956.209757144,881984.490605631,1609940.70036278,294.141901152453,298.711240495643,290.850556672699
3500,3.19142863162538,721449.579951414,895415.169008053,1616864.74895947,298.621033519444,296.827128688674,299.568119212025
3600,3.28261230681468,729010.997868918,877159.618114348,1606170.61598327,292.532805774337,292.31601805282,292.433553583869
3700,3.37379598200398,725257.658657001,888129.467695566,1613387.12635257,296.191251524284,295.208974808501,296.599276625202
3800,3.46497965719328,716822.531082958,893536.902366647,1610359.43344961,297.994631437935,285.549758555604,306.042884499956
3900,3.55616333238258,759194.137712112,857542.924547389,1616737.0622595,285.990636834214,281.792240688718,288.551242067182
4000,3.64734700757187,736308.98718104,876988.855101425,1613297.84228246,292.475856295289,290.556477848029,293.511712046549
4100,3.73853068276117,735245.153910468,874282.525531006,1609527.67944147,291.573295157914,283.831672685575,296.491399060176
4200,3.82971435795047,723324.699437841,889035.891696536,1612360.59113438,296.493544004181,302.435645002271,292.285065385451
4300,3.92089803313977,737031.12502425,873524.480809149,1610555.6058334,291.320487179973,285.943376510819,294.662460553426
4400,4.01208170832907,722535.70877062,888084.582142368,1610620.29091299,296.17628218855,293.317975919971,297.835006132447
4500,4.10326538351837,713506.890229245,899010.748118454,1612517.6383477,299.820159452544,303.366226424808,297.206264671491
4600,4.19444905870767,739412.995349682,870965.371886883,1610378.36723656,290.467024141031,292.621409168016,288.788711602924
4700,4.28563273389697,736128.53714069,882913.882945429,1619042.42008612,294.451853575264,301.197020829325,289.709698861245
4800,4.37681640908627,732875.596736155,879652.109577056,1612527.70631321,293.364051884961,296.82659145649,290.811222127373
4900,4.46800008427557,712377.89262275,900912.770979204,1613290.66360195,300.454484235185,289.999712324671,307.173953438666
5000,4.55918375946487,725024.306366553,886165.179714125,1611189.48608068,295.536161318701,285.439884612593,302.020732321674
5100,4.65036743465417,722544.589159611,890117.288851954,1612661.87801156,296.854190045674,288.212725990385,302.367787590828
5200,4.74155110984346,739972.295011122,876435.283901413,1616407.57891253,292.291240253931,287.917149172045,294.963724941643
5300,4.83273478503276,744602.391284626,870013.531884127,1614615.92316875,290.149585420753,295.141849390369,286.579618119825
5400,4.92391846022206,728408.057876057,883971.618359826,1612379.67623588,294.804608424154,298.864894799512,291.852080333561
5500,5.01510213541136,736429.787350738,872357.145293923,1608786.93264466,290.931180688318,302.829185916786,282.756734552099
5600,5.10628581060066,728115.221226566,881704.281821404,1609819.50304797,294.048451499551,296.529814208054,292.149169317633
5700,5.19746948578996,741354.165121351,871545.479390323,1612899.64451167,290.660490041795,293.628407158687,288.439661555498
5800,5.28865316097926,746397.613427224,864268.560265042,1610666.17369227,288.233636906801,286.820300050884,288.93566677999
5900,5.37983683616856,741261.647302548,873598.756319337,1614860.40362188,291.345258068813,285.02307724942,295.317257566684
6000,5.47102051135786,741777.344852036,871268.350146651,1613045.69499869,290.568067415925,288.221008410122,291.890633363614
6100,5.56220418654716,734705.51230609,876610.855818608,1611316.3681247,292.349793502954,296.709984994727,289.199374347187
6200,5.65338786173646,732548.963493853,875057.808943728,1607606.77243758,291.831852240696,293.418613725348,290.530818040727
6300,5.74457153692576,746756.688889231,875164.328742664,1621921.01763189,291.867376602523,293.836115978161,290.311660871595
6400,5.83575521211505,735644.315048438,874406.199297288,1610050.51434573,291.614540369281,284.048942190052,296.415260371792
6500,5.92693888730435,740123.447202217,872773.363289009,1612896.81049123,291.069989424382,290.387634825095,291.282334166053
6600,6.01812256249365,745608.82857967,867790.731987904,1613399.56056757,289.408281470036,287.552062720632,290.404587068415
6700,6.10930623768295,734245.002787202,879341.789319362,1613586.79210656,293.260560053147,292.317619207695,293.644803483405
6800,6.20048991287225,737717.266999612,873318.522770179,1611035.78976979,291.251800156805,290.941709368694,291.215817515413
6900,6.29167358806155,733528.644000614,879956.071627665,1613484.71562828,293.465423254182,307.843814001766,283.635274903081
7000,6.38285726325085,741104.129487837,872963.0395656,1614067.16905344,291.133246478439,285.13420290689,294.88999782074
7100,6.47404093844015,736945.242926224,878225.984788387,1615171.22771461,292.888439149037,297.164995593436,289.793327820147
7200,6.56522461362945,739222.093880704,877591.56839032,1616813.66227102,292.676861227387,286.34671514193,296.653061233335
7300,6.65640828881875,739261.754532453,869502.794517545,1608764.54905,289.979254466415,293.519741235805,287.377280574767
7400,6.74759196400805,740871.015654025,869901.900462052,1610772.91611608,290.112356332183,307.339976243589,278.385516094304
7500,6.83877563919734,720327.397162592,893287.464448673,1613614.86161126,297.911443871493,306.552352672529,291.902578467576
7600,6.92995931438664,738027.682378963,875171.8618635,1613199.54424246,291.869888898949,288.276974373278,294.021940341982
7700,7.02114298957594,735469.943355958,880064.920936412,1615534.86429237,293.501724507725,290.190870766796,295.464375564589
7800,7.11232666476524,732980.992025284,878174.473767417,1611155.4657927,292.871260219248,291.11118419016,293.800584855125
7900,7.20351033995454,726919.946076996,887732.850989624,1614652.79706662,296.058979819784,295.609019337451,296.112237658156
8000,7.29469401514384,740030.298748584,876547.293724738,1616577.59247332,292.328595539349,289.077367160586,294.252473962242
8100,7.38587769033314,732106.644537816,879447.371134634,1611554.01567245,293.295771597343,297.242705510725,290.420069178758
8200,7.47706136552244,751553.442961284,860105.964083691,1611659.40704498,286.845410733264,281.801251281711,289.969145858689
8300,7.56824504071174,745782.803177698,865503.878251461,1611286.68142916,288.645615558266,286.22639865644,290.017888813185
8400,7.65942871590104,764273.76043297,856337.27783418,1620611.03826715,285.588553554837,286.149897120241,284.976334049939
8500,7.75061239109034,754639.438058946,859022.857946998,1613662.29600594,286.484194746373,289.681138751122,284.114161914251
8600,7.84179606627964,729322.224945728,884727.624432548,1614049.84937828,295.056736512439,292.443409416684,296.553073962515
8700,7.93297974146893,727116.446575728,885105.356108149,1612221.80268388,295.182710057745,292.228107358904,296.906459598592
8800,8.02416341665823,748122.841037141,863953.565588892,1612076.40662603,288.128586156042,285.197921974263,289.842255122099
8900,8.11534709184753,740701.434755066,870491.619633763,1611193.05438883,290.309027725117,281.388133265105,296.014366508686
9000,8.20653076703683,742366.219226385,871954.035734719,1614320.2549611,290.796743616715,294.931355696522,287.798004943829
9100,8.29771444222613,733694.699721874,872435.143170339,1606129.84289221,290.957192986606,288.435252542201,292.396022288722
9200,8.38889811741543,739307.489947432,876852.022752894,1616159.51270033,292.430222695646,289.185246100164,294.349848573719
9300,8.48008179260473,736508.089389528,873729.024957604,1610237.11434713,291.388702670536,291.216954339581,291.260377638948
9400,8.57126546779403,735485.610703369,871967.965233866,1607453.57593723,290.801389105842,288.978699364268,291.774181109302
9500,8.66244914298333,724878.739242257,890811.258305516,1615689.99754777,297.085628916297,286.819281292077,303.682289308346
9600,8.75363281817263,728250.974317543,879435.819688166,1607686.79400571,293.291919188983,290.330463873822,295.021812799767
9700,8.84481649336193,715186.941964554,894915.448520584,1610102.39048514,298.454376695209,297.789535747281,298.648892013249
9800,8.93600016855122,724233.858097897,881811.316950284,1606045.17504818,294.084147723957,298.186939153291,291.10388331463
9900,9.02718384374052,739343.526414783,878222.7284297,1617566.25484448,292.887353153143,292.191660725996,293.107075310281
10000,9.11836751892982,730049.306935941,882420.825899251,1612470.13283519,294.287419009255,295.137093523897,293.475729816986
10100,9.20955119411912,716605.967672384,892879.628420593,1609485.59609298,297.775430522125,310.850116877429,288.810826759821
10200,9.30073486930842,719554.035275402,892892.007330212,1612446.04260561,297.779558889515,298.584778656427,296.994596079167
10300,9.39191854449772,742683.138837801,867613.685200111,1610296.82403791,289.349236351546,282.014558420023,293.997897275602
10400,9.48310221968702,728242.324983903,884612.209555325,1612854.53453923,295.018245641262,301.119691160814,290.704766756859
10500,9.57428589487632,729432.225181771,882746.649161669,1612178.87434344,294.396081094437,307.83542046011,285.191191449743
10600,9.66546957006562,725762.732463353,883042.737704764,1608805.47016812,294.494826648245,299.715176361988,290.769181150209
10700,9.75665324525492,727066.004140177,886128.984676076,1613194.98881625,295.524090270494,286.249703205088,301.46074490554
10800,9.84783692044422,735382.258426719,875202.018709912,1610584.27713663,291.879946209742,295.021936810115,289.542052520986
10900,9.93902059563352,738520.937367524,871851.013868688,1610371.95123621,290.762385815804,282.671402237833,295.914072879604
11000,10.0302042708228,743937.607740028,862711.769003747,1606649.37674378,287.714446891361,280.818607388742,292.071911187365
11100,10.1213879460121,740791.602666422,880193.789174687,1620985.39184111,293.544702075933,303.440198758229,286.703083702673
11200,10.2125716212014,732637.819716355,886110.391342411,1618748.21105877,295.517889392166,310.403393093872,285.347955349869
11300,10.3037552963907,732179.838513794,882666.214835612,1614846.05334941,294.369256239991,288.329164233481,298.150676530797
11400,10.39493897158,742398.162119396,867606.318483433,1610004.48060283,289.34677955092,290.453844142169,288.367614173793
11500,10.4861226467693,752087.386679655,866613.594354481,1618700.98103414,289.015705971146,286.206735069722,290.64750681712
11600,10.5773063219586,745696.022097784,871134.379247772,1616830.40134556,290.523388109979,296.663645647962,286.187780261233
11700,10.6684899971479,737644.629821758,879224.098905527,1616868.72872728,293.221310290321,292.091884063276,293.729910016441
11800,10.7596736723372,729402.782248557,883931.993426685,1613334.77567524,294.791393505648,289.059328292975,298.367110819508
11900,10.8508573475265,727725.821896284,879939.103283895,1607664.92518018,293.45976431012,300.01075945309,288.847884411216
12000,10.9420410227158,738786.400071018,872058.94356907,1610845.34364009,290.831730388218,307.18922283531,279.684375648165
12100,11.0332246979051,742631.853898242,866513.819474529,1609145.67337277,288.982431040363,302.913095712086,279.45450256668
12200,11.1244083730944,731864.202126278,883705.224315556,1615569.42644183,294.715765988179,302.835276209197,289.057162702511
12300,11.2155920482837,734981.870124889,880908.83826486,1615890.70838975,293.783171007124,288.588590300642,297.001405502272
12400,11.306775723473,722562.774524268,890013.368918526,1612576.14344279,296.819532739211,299.726402290145,294.63427009464
12500,11.3979593986623,734821.314140296,880556.406959886,1615377.72110018,293.665635137531,295.789089570824,292.005277486054
12600,11.4891430738516,727516.710438013,884550.822877953,1612067.53331597,294.99777317924,291.598794882487,297.017927232761
12700,11.5803267490409,746075.891576645,870266.912317626,1616342.80389427,290.23408781645,287.992400643042,291.48668419221
12800,11.6715104242302,738039.362239494,875433.455936793,1613472.81817629,291.957130544203,306.220496663156,282.204922189448
12900,11.7626940994195,751320.368764561,863650.635460521,1614971.00422508,288.027558932974,291.109328654848,285.73302281928
13000,11.8538777746088,736386.039546474,875029.313800708,1611415.35334718,291.822349108123,298.197822229155,287.328848403179
13100,11.9450614497981,728382.755975257,879144.358699136,1607527.11467439,293.194716924841,289.405158248511,295.476760444956
13200,12.0362451249874,729657.432683615,882204.415193898,1611861.84787751,294.215246020977,297.734855626499,291.623660245611
13300,12.1274288001767,737693.282334812,871053.510620033,1608746.79295484,290.496418415886,283.394580356418,294.988896773519
13400,12.218612475366,739669.172880307,879293.550289628,1618962.72316993,293.244472332709,292.681743655072,293.375254390856
13500,12.3097961505553,712848.05518873,896507.708128783,1609355.76331751,298.985395407298,303.945134060101,295.429748475924
13600,12.4009798257446,735747.440201416,873281.174806141,1609028.61500756,291.239344607684,291.675370638458,290.70596113333
13700,12.4921635009339,746390.414061365,869814.490150513,1616204.90421188,290.083204985997,290.539895096503,289.537008908172
13800,12.5833471761232,741050.63316739,876852.335081621,1617902.96824901,292.430326857302,291.023992583775,293.124191100605
13900,12.6745308513125,724792.468539395,892235.600841058,1617028.06938045,297.560647270655,289.943946182264,302.390480790189
14000,12.7657145265018,724310.497767767,894782.387591707,1619092.88535947,298.410000864334,310.793870142646,289.905413011406
14100,12.8568982016911,716498.320690304,898884.33955352,1615382.66024382,299.778002185599,295.636330225661,302.289301823736
14200,12.9480818768804,735163.744163797,872649.460501817,1607813.20466561,291.028667834523,297.288625035561,286.612839143968
14300,13.0392655520697,732606.25287266,874876.958607485,1607483.21148015,291.771538638481,286.669402049635,294.929820082181
14400,13.130449227259,734590.346124147,874065.675078119,1608656.02120227,291.500975513796,290.210894267527,292.118112198381
14500,13.2216329024483,724755.71316387,888521.331726268,1613277.04489014,296.321938211195,304.974667457601,290.306517098416
14600,13.3128165776376,725022.276176836,885044.899526977,1610067.17570381,295.162547782884,307.222638984188,286.876518192196
14700,13.4040002528269,731912.289475471,880307.140941014,1612219.43041649,293.582504899454,295.302419030621,292.191243391262
14800,13.4951839280162,737964.569580158,877183.803570617,1615148.37315078,292.540871626019,289.080078632368,294.60428289543
14900,13.5863676032055,732856.640485745,884367.553026513,1617224.19351226,294.936652668505,292.259782005425,296.475452566669
15000,13.6775512783948,728336.810949515,883361.738296965,1611698.54924648,294.601213372341,308.849001031372,284.857187255177
15100,13.7687349535841,730735.208118971,873788.667716845,1604523.87583582,291.408593535716,294.062705521007,289.396345050908
15200,13.8599186287734,736070.124401842,873125.418460368,1609195.54286221,291.187399853383,291.509328618385,290.730124510168
15300,13.9511023039627,731053.313056914,882279.999011385,1613333.3120683,294.24045323041,295.939609258582,292.86248216727
15400,14.042285979152,744776.001039518,868542.243231288,1613318.24427081,289.658910532362,289.316513559777,289.645792755308
15500,14.1334696543413,737547.59225743,875466.203976133,1613013.79623356,291.968052018053,287.995001595653,294.373445589638
15600,14.2246533295306,752686.216047779,864370.420941175,1617056.63698895,288.267607450784,281.351145983625,292.638358756014
15700,14.3158370047199,725674.279192287,885972.988713153,1611647.26790544,295.472065603853,291.523786728594,297.858024799356
15800,14.4070206799092,732452.109187314,880836.136038129,1613288.24522544,293.758924808447,293.637528273824,293.595056727523
15900,14.4982043550985,724429.696677276,883907.824648416,1608337.52132569,294.78333321608,287.730782068743,299.23938120329
16000,14.5893880302878,754135.432531618,851491.433113792,1605626.86564541,283.972463936566,294.622367744173,276.635884344881
16100,14.6805717054771,738143.790046758,883998.838163423,1622142.62821018,294.813686230923,293.279846882918,295.5905677244
16200,14.7717553806664,733879.657722099,880337.201632484,1614216.85935458,293.592530142566,300.117723811085,288.997740588434
16300,14.8629390558557,732876.093376946,886690.808500325,1619566.90187727,295.711458562723,302.768335513595,290.760447713341
16400,14.954122731045,734544.711013367,877421.321264362,1611966.03227773,292.620083796686,292.010228309666,292.782804051534
16500,15.0453064062343,729277.897592436,882385.471268315,1611663.36886075,294.27562823689,300.308565680304,290.008440251082
16600,15.1364900814236,726594.843410654,886554.450798127,1613149.29420878,295.665983257671,291.028399987415,298.511317118461
16700,15.2276737566129,733080.755369708,882633.757107285,1615714.51247699,294.358431584887,294.272686412228,294.17029634034
16800,15.3188574318022,707581.264832042,908874.037984623,1616455.30281667,303.109567445264,308.264827212367,299.420136294323
16900,15.4100411069915,710399.573966593,899240.075986891,1609639.64995348,299.896640315788,295.635169566958,302.487706948078
17000,15.5012247821808,736094.98529575,871469.406830029,1607564.39212578,290.635119836595,301.546882043309,283.118415765589
17100,15.5924084573701,725491.927368726,885571.858330515,1611063.78569924,295.338288587799,300.765264810125,291.474189199091
17200,15.6835921325594,732490.099164247,876965.067828728,1609455.16699297,292.467923237862,289.69752988405,294.071128871039
17300,15.7747758077487,718264.280432525,890356.834259607,1608621.11469213,296.934078459098,316.600006033837,283.576015010557
17400,15.865959482938,738342.427500267,882107.929166861,1620450.35666713,294.183067922915,305.018827150615,286.714075881179
17500,15.9571431581273,731662.673906704,882554.807339463,1614217.48124617,294.332101830736,295.7387058363,293.149089075502
17600,16.0483268333166,726678.789569565,885882.204396395,1612560.99396596,295.441789026645,297.420355003658,293.876543551114
17700,16.1395105085059,731116.912431754,879528.198290682,1610645.11072244,293.322727460624,293.527248131101,292.941944740757
17800,16.2306941836952,722520.727012712,894066.301822018,1616587.02883473,298.17118620044,301.460313848088,295.72995844684
17900,16.3218778588845,732635.982845532,876725.513779633,1609361.49662516,292.388031942515,288.159708087593,294.963257819179
18000,16.4130615340738,736084.58279472,879883.970881134,1615968.55367585,293.441377649203,292.922594386867,293.54269867605
18100,16.5042452092631,735541.942006696,879951.52624857,1615493.46825527,293.463907369875,289.073789473904,296.146099377714
18200,16.5954288844524,734715.323256591,884989.92898479,1619705.25224138,295.144215102481,295.530671615929,294.640623914264
18300,16.6866125596417,720761.359251547,893377.123444757,1614138.4826963,297.941345154163,307.810267872158,291.113778887871
18400,16.777796234831,729905.881438734,880745.379908503,1610651.26134724,293.72865763165,295.747592277729,292.137927319571
18500,16.8689799100203,733694.252106816,873551.406379019,1607245.65848583,291.329466859769,284.53868792036,295.613878263659
18600,16.9601635852095,742420.528548272,876800.798111276,1619221.32665955,292.413139273395,300.34090808652,286.884282448586
18700,17.0513472603988,743247.291354581,870454.42091684,1613701.71227142,290.296621949921,292.770674806503,288.405339527243
18800,17.1425309355881,739305.242106368,875188.4888901,1614493.73099647,291.875434013707,284.567863232212,296.503918339692
18900,17.2337146107774,745044.894394185,867967.301179351,1613012.19557354,289.467167310105,300.255211599239,282.033915144593
19000,17.3248982859667,731241.422196158,885770.448422863,1617011.87061902,295.404518400154,309.234341195089,285.938466104864
19100,17.416081961156,732776.881479877,877677.454223907,1610454.33570378,292.705504160049,299.374350884102,288.015685090548
19200,17.5072656363453,738469.629824202,875357.840227872,1613827.47005207,291.931912698973,294.238456882376,290.15093998279
19300,17.5984493115346,751952.24911649,863289.620648597,1615241.86976509,287.907160463097,295.323593111311,282.722949397236
19400,17.6896329867239,729643.309631696,884614.376443649,1614257.68607535,295.018968298699,290.696851804891,297.654530154322
19500,17.7808166619132,745334.420709216,866095.677216897,1611430.09792611,288.84298056258,295.49377103792,284.168417761885
19600,17.8720003371025,748054.425451234,870774.204462295,1618828.62991353,290.403269788993,282.489158236967,295.437341432187
19700,17.9631840122918,737903.120281227,879084.398938487,1616987.51921971,293.174720339665,284.132809024424,298.958348949544
19800,18.0543676874811,751657.870875648,865602.77870447,1617260.64958012,288.678598867591,279.212747807735,294.748600741771
19900,18.1455513626704,736168.057855689,884859.960758428,1621028.01861412,295.100870688153,303.823313895411,289.03999115774
20000,18.2367350378597,720621.89036384,886824.677011991,1607446.56737583,295.756103722525,300.129602150997,292.593974683775
20100,18.327918713049,753768.290680299,859797.419028465,1613565.70970876,286.742510931621,279.325379685866,291.448313003014
20200,18.4191023882383,741520.948955861,872901.560543765,1614422.50949963,291.112743219531,288.468152941259,292.633209452364
20300,18.5102860634276,742524.399406977,876525.6124055,1619050.01181248,292.321364817575,304.212052332903,284.150638670009
20400,18.6014697386169,748762.903371258,874554.456131868,1623317.35950313,291.663984035974,294.147819483668,289.765040417483
20500,18.6926534138062,707061.595087482,910754.16948462,1617815.7645721,303.736591457269,299.691946260519,306.17990776222
20600,18.7838370889955,730551.648142137,881175.318804726,1611726.96694686,293.872042289387,285.480084597677,299.221787381952
20700,18.8750207641848,718395.477043437,895630.136116221,1614025.61315966,298.692725067941,294.461072050191,301.26491647555
20800,18.9662044393741,739487.871451487,875365.737092605,1614853.60854409,291.934546304021,296.09427229503,288.918116854761
20900,19.0573881145634,742697.081568389,876786.666963299,1619483.74853169,292.408426534367,296.427778766826,289.485184690615
21000,19.1485717897527,736232.967981964,882694.181011096,1618927.14899306,294.378582961846,282.814882178999,301.842401331276
21100,19.239755464942,724051.934204986,889220.763582349,1613272.69778733,296.555198793513,291.158885851195,299.905611422729
21200,19.3309391401313,718880.578519197,892352.669998846,1611233.24851804,297.599689844538,293.470224496299,300.104667001825
21300,19.4221228153206,754934.912159735,863607.604774973,1618542.51693471,288.013208195756,289.989091011526,286.455941978412
21400,19.5133064905099,730948.571241232,881638.736535777,1612587.30777701,294.02659214133,304.929596968332,286.512900096543
21500,19.6044901656992,728969.240669358,887211.324136664,1616180.56480602,295.88505057084,302.777452103509,291.043545340252
21600,19.6956738408885,739957.083450568,874062.822088538,1614019.90553911,291.500024041533,291.019398637325,291.577524290972
21700,19.7868575160778,737588.918150283,877663.47152225,1615252.38967253,292.700840927881,307.390451720927,282.663849698411
21800,19.8780411912671,735763.866659794,875935.825686586,1611699.69234638,292.124670897644,298.016228686299,287.95352847946
21900,19.9692248664564,754672.75817456,860299.693468394,1614972.45164295,286.910019499214,291.882811055672,283.355733445326
22000,20.0604085416457,749041.235449367,868206.930824836,1617248.1662742,289.547083816854,285.271292943549,292.15632182921
22100,20.151592216835,721135.723728571,895587.97524367,1616723.69897224,298.67866441343,295.410229300061,300.608722268664
22200,20.2427758920243,727468.258515491,883318.948423049,1610787.20693854,294.586942945823,294.257736872606,294.560924542177
22300,20.3339595672136,733153.507066688,885773.272938311,1618926.780005,295.405460376292,299.361263294947,292.522087213542
22400,20.4251432424029,741429.394519423,868017.672869833,1609447.06738926,289.483966273081,295.289043703256,285.372678014404
22500,20.5163269175922,734174.814139219,877256.210791078,1611431.0249303,292.565019440079,291.4769140858,293.04661882673
22600,20.6075105927815,755153.991874164,861402.473577908,1616556.46545207,287.277796757681,292.695919976172,283.426316448058
22700,20.6986942679708,745180.264577643,870446.543172731,1615626.80775037,290.293994721604,286.651831925198,292.480191590274
22800,20.7898779431601,732137.631696973,884726.20878869,1616863.84048566,295.056264395094,285.534631051533,301.158139737139
22900,20.8810616183494,744667.205520108,866710.125277198,1611377.33079731,289.04789904192,287.706107171304,289.701553706463
23000,20.9722452935387,730754.102897057,884213.124522966,1614967.22742002,294.885150749697,302.638632609727,289.470425217386
23100,21.063428968728,730336.007252668,881955.61509398,1612291.62234665,294.13227116691,290.652702897132,296.20687312079
23200,21.1546126439173,728872.38823078,882504.405984734,1611376.79421551,294.315292974732,300.112830659443,290.205005107446
23300,21.2457963191066,719791.818354351,893059.125581388,1612850.94393574,297.835292840216,287.113850995964,304.734724659016
23400,21.3369799942959,747609.844366941,866334.006691237,1613943.85105818,288.922463462143,296.13437936256,283.873750808981
23500,21.4281636694852,741298.369426025,869764.589838471,1611062.9592645,290.066563227771,299.349140007798,283.636456571729
23600,21.5193473446745,732532.062316334,878666.099412428,1611198.16172876,293.035217412849,291.669078171709,293.701780892433
23700,21.6105310198638,732465.562168808,881505.181083495,1613970.7432523,293.982051386858,290.554708666424,296.021961490993
23800,21.7017146950531,722225.148292447,890738.078865857,1612963.2271583,297.061223567069,303.305267176594,292.650976807746
23900,21.7928983702424,733513.080795847,878771.115627771,1612284.19642362,293.070240329422,299.192545189939,288.744478555469
24000,21.8840820454317,728004.050265106,888562.190037441,1616566.24030255,296.335564461378,305.813062239957,289.770286305274
24100,21.975265720621,740699.952416465,877991.567608415,1618691.52002488,292.810260999971,298.003412780793,289.104151261924
24200,22.0664493958103,736378.327686597,876720.466779533,1613098.79446613,292.386348767561,286.681979644779,295.945606225443
24300,22.1576330709996,730136.526982195,883183.796277797,1613320.32325999,294.541869694113,300.898454027665,290.058695246998
24400,22.2488167461889,736156.17314967,874741.527148835,1610897.7002985,291.726372235729,298.874740268869,286.717688236772
24500,22.3400004213782,734532.6757461,880158.476526611,1614691.15227271,293.532925304856,285.880868988236,298.389685411515
24600,22.4311840965675,746877.324710731,870045.392371685,1616922.71708242,290.16021089601,296.524858287727,285.675312459118
24700,22.5223677717568,736209.299347085,876137.476399676,1612346.77574676,292.191921427272,285.784451758767,296.220074605086
24800,22.6135514469461,729780.336135763,884275.31223537,1614055.64837113,294.905890356968,287.763074565103,299.422012642914
24900,22.7047351221354,727019.810962108,889821.121351982,1616840.93231409,296.75541815974,293.677406423528,298.560129802082
25000,22.7959187973247,742833.014488515,870831.650202687,1613664.6646912,290.422427948203,289.283151279395,290.939927037453
25100,22.887102472514,743924.095329607,868546.281913598,1612470.3772432,289.660257433249,290.998950215584,288.526412030498
25200,22.9782861477033,724732.776049171,890758.646706099,1615491.42275527,297.068082943505,307.999440506793,289.532954498859
25300,23.0694698228926,739246.847577604,876403.605036288,1615650.45261389,292.280675349771,290.653578126051,293.121839602795
25400,23.1606534980819,725983.183500467,887993.216058492,1613976.39955896,296.14581159196,293.63201278784,297.574889285047
25500,23.2518371732712,720404.098844744,890031.560480063,1610435.65932481,296.825599626501,298.843748991502,295.232812050145
25600,23.3430208484605,736760.615995825,872067.331754431,1608827.94775026,290.834527848735,294.587293325343,288.090322091123
25700,23.4342045236498,730376.422120564,881291.277703787,1611667.69982435,293.910714591892,292.95601221224,294.302257249499
25800,23.5253881988391,739440.697989842,878770.90824476,1618211.6062346,293.07017116717,296.44794764465,290.574095039544
25900,23.6165718740284,737940.583791253,872603.305553354,1610543.88934461,291.013275155362,287.200946717378,293.312316384722
26000,23.7077555492177,740375.028610415,877048.448644873,1617423.47725529,292.495730746998,283.210474388152,298.442155210606
26100,23.798939224407,734131.033821721,880839.781795283,1614970.815617,293.760140668762,296.643961581443,291.592793276418
26200,23.8901228995963,734903.634440584,877199.222066867,1612102.85650745,292.546013695803,294.081726633129,291.278416726174
26300,23.9813065747856,724020.632779119,887539.4807615,1611560.11354062,295.994490832583,289.756162876361,299.906714061036
26400,24.0724902499749,714969.87922527,896300.859587344,1611270.73881261,298.916411401482,305.253514535523,294.442578969285
26500,24.1636739251642,741305.296680271,870804.120733283,1612109.41741355,290.413246867862,288.034146829725,291.757302520897
26600,24.2548576003535,718795.71849215,890069.826722818,1608865.54521497,296.83836142165,297.659909041118,296.043297707488
26700,24.3460412755428,748147.426086011,868442.823134244,1616590.24922026,289.625753921709,282.417483670244,294.189912627751
26800,24.4372249507321,743579.890852014,866363.18621922,1609943.07707123,288.932194837159,286.657366227876,290.207970414316
26900,24.5284086259214,727059.928723085,888700.640619285,1615760.56934237,296.381737741966,285.813036549772,303.18055375531
27000,24.6195923011107,724062.946899235,888680.079498588,1612743.02639782,296.374880606499,300.745628931448,293.214069322696
27100,24.7107759763,718825.8502295,886482.343790198,1605308.1940197,295.641935564515,289.627186130232,299.405400241067
27200,24.8019596514893,741561.791809449,873001.091686698,1614562.88349615,291.145936863998,290.136917561837,291.575994784718
27300,24.8931433266786,738386.723040023,869169.083425755,1607555.80646578,289.86796178948,294.742090156332,286.37698624342
27400,24.9843270018679,747520.22712891,866661.475666987,1614181.7027959,289.031674392859,285.077730348061,291.426777360731
27500,25.0755106770572,733334.424890334,883930.300796159,1617264.72568649,294.790829013226,286.010808750807,300.398516830662
27600,25.1666943522465,729534.999951564,882438.565019079,1611973.56497064,294.293335007197,287.76250620558,298.401976429102
27700,25.2578780274358,739182.968851872,866785.832131885,1605968.80098376,289.073147284271,286.629743060644,290.461189143952
27800,25.3490617026251,735734.603505606,878610.885468265,1614345.48897387,293.016803557867,293.417621159241,292.505411153986
27900,25.4402453778144,727361.857658033,884777.488989602,1612139.34664764,295.073366346374,304.756892598159,288.371787706563
28000,25.5314290530037,735697.292997159,875340.766933834,1611038.05993099,291.926218753988,295.258170953759,289.461645438513
28100,25.622612728193,732120.93757264,882906.737281499,1615027.67485414,294.449470495747,283.013524014289,301.828060257974
28200,25.7137964033823,726382.01494828,890904.413915466,1617286.42886375,297.116696319982,292.909682045987,299.673775255712
28300,25.8049800785716,733630.695156222,875710.446953792,1609341.14211001,292.049507071466,296.855713389587,288.601994936826
28400,25.8961637537609,727047.413115884,886673.389981869,1613720.80309775,295.705649485366,291.621938702206,298.181701966234
28500,25.9873474289502,722888.618528092,886160.447785378,1609049.06631347,295.534583220069,288.877860896495,299.726119283102
28600,26.0785311041395,744228.493403822,870697.278179679,1614925.7715835,290.377614867327,291.190758146724,289.593538002005
28700,26.1697147793288,735299.665500473,881933.406435575,1617233.07193605,294.12486457748,289.37308647368,297.047612592868
28800,26.2608984545181,740979.986702795,871366.743837566,1612346.73054036,290.600881720049,297.578094195638,285.707239334889
28900,26.3520821297074,725373.187919672,887952.192633887,1613325.38055356,296.132130276434,292.16960837293,298.527034770206
29000,26.4432658048967,742141.712262781,873036.340834069,1615178.05309685,291.157692457585,281.310233171291,297.480033904733
29100,26.534449480086,726030.839115752,891363.712899601,1617394.55201535,297.269872569485,295.869688511951,297.955603714031
29200,26.6256331552753,736308.38184276,875137.64250407,1611446.02434683,291.858476739727,290.959052601341,292.214877434701
29300,26.7168168304646,720147.93698227,890293.537639906,1610441.47462218,296.912969031151,295.320016308481,297.727510038737
29400,26.8080005056539,737382.231084996,879115.274639958,1616497.50572495,293.18501738868,289.420864345857,295.450131902738
29500,26.8991841808432,731443.476466467,882921.900009761,1614365.37647623,294.454527266887,299.174576143854,291.062449242853
29600,26.9903678560325,736605.050526485,872948.847369704,1609553.89789619,291.128513379925,280.477559995092,297.98654187533
29700,27.0815515312218,747055.867123339,868364.737617504,1615420.60474084,289.599712395366,286.857209205813,291.186714761404
29800,27.1727352064111,741513.461128711,873580.592458856,1615094.05358757,291.339200419829,288.585316559276,292.932340326515
29900,27.2639188816004,726101.053039785,884070.012380605,1610171.06542039,294.837422838288,301.309347522795,290.277108529585
30000,27.3551025567897,732933.177828136,883294.90900928,1616228.08683742,294.578925799326,289.65587384278,297.615477998858
30100,27.446286231979,720351.197456376,891027.839415322,1611379.0368717,297.157858734474,305.367041340503,291.43743878151
30200,27.5374699071683,727437.383577699,882331.682362647,1609769.06594035,294.257689632365,296.476899259898,292.533001805983
30300,27.6286535823576,743157.835312776,867588.060326491,1610745.89563927,289.340690454057,290.700983977519,288.192710863039
30400,27.7198372575468,752927.91828955,866216.309629937,1619144.22791949,288.883211482387,293.309916888202,285.691338535608
30500,27.8110209327361,720882.851332412,891132.233569407,1612015.08490182,297.192674193566,305.246652171463,291.575694979807
30600,27.9022046079254,749201.615809447,864102.738355108,1613304.35416455,288.178335286012,283.618877389494,290.977825270953
30700,27.9933882831147,719676.913510322,891407.352044032,1611084.26555435,297.284426227791,298.698990430844,296.0936464039
30800,28.084571958304,756267.425524972,857702.143925239,1613969.56945021,286.043736510001,287.302946475078,284.965893419524
30900,28.1757556334933,734131.625426937,877917.311404045,1612048.93683098,292.785496549623,294.212865334633,291.589929445826
31000,28.2669393086826,755981.726262949,862838.467937242,1618820.19420019,287.756700996246,279.938527290392,292.729019549317
31100,28.3581229838719,729661.470712026,884825.255117405,1614486.72582943,295.089296353979,290.019466416953,298.2232752317
31200,28.4493066590612,732200.668623191,882498.451300053,1614699.11992324,294.313307086894,298.730742006844,291.123089384356
31300,28.5404903342505,737314.832637645,873935.645655917,1611250.47829356,291.457610690651,294.401524428573,289.252120189794
31400,28.6316740094398,729187.630447368,879451.852240953,1608639.48268832,293.297266046675,276.832970460491,304.029048715757
31500,28.7228576846291,728719.151288113,882920.952010913,1611640.10329903,294.454211109192,289.56817101239,297.466192664469
31600,28.8140413598184,717688.675873422,894450.469208746,1612139.14508217,298.299306055943,295.516053026009,299.906225320853
31700,28.9052250350077,730021.178460778,878895.940133481,1608917.11859426,293.111869312483,303.041250136533,286.248022205356
31800,28.996408710197,733660.277701495,878868.46800562,1612528.74570711,293.102707355551,288.450377393704,295.96000840732
31900,29.0875923853863,732406.523905591,879410.0644054,1611816.58831099,293.283329800033,284.601001675544,298.82714577486
32000,29.1787760605756,739691.247626659,872814.356112094,1612505.60373875,291.083660534298,279.538781140058,298.537677080013
32100,29.2699597357649,736685.950752068,874367.280577822,1611053.23132989,291.601560973094,288.840291455997,293.199406017014
32200,29.3611434109542,753639.244339392,858541.79308102,1612181.03742041,286.32375957346,292.217704953325,282.155859520574
32300,29.4523270861435,746620.894870352,865594.37547417,1612215.27034452,288.675796389585,288.155995703555,288.781767016613
32400,29.5435107613328,732134.316993334,880713.283518519,1612847.60051185,293.717953482914,278.601383887971,303.550901584974
32500,29.6346944365221,764055.354580764,848099.150902377,1612154.50548314,282.841137536227,272.774635690806,289.316437818561
32600,29.7258781117114,746530.746743179,869712.466995282,1616243.21373846,290.049180255221,296.431115844028,285.552848879137
32700,29.8170617869007,713897.816360188,897453.214575974,1611351.03093616,299.300721886268,296.921971868569,300.637137963163
32800,29.90824546209,755559.822940889,863687.435648398,1619247.25858929,288.039831798699,291.135436450515,285.736062170988
32900,29.9994291372793,722139.852751561,889103.053526655,1611242.90627822,296.515942480125,297.536896483361,295.588209859234
33000,30.0906128124686,741399.375501285,871183.853803731,1612583.22930502,290.539887878516,281.254711337043,296.4878889996
33100,30.1817964876579,736614.522443577,879141.519936942,1615756.04238052,293.193770197413,294.369833052945,292.165400151894
33200,30.2729801628472,729461.884549735,880209.199436921,1609671.08398666,293.549841399673,285.931432292745,298.38415593646
33300,30.3641638380365,745136.48301206,862727.288904518,1607863.77191658,287.719622779563,285.725076994822,288.809553617075
33400,30.4553475132258,728696.438681981,888537.08738185,1617233.52606383,296.327192723645,280.523156603739,306.616277476313
33500,30.5465311884151,737559.788400562,878621.231729313,1616181.02012988,293.020254036789,303.09356318282,286.060531061071
33600,30.6377148636044,711702.968016031,894412.882691719,1606115.85070775,298.286770949381,294.178990024227,300.776719257026
33700,30.7288985387937,732513.385047545,878888.245698521,1611401.63074607,293.109303217782,295.73085196047,291.117346303309
33800,30.820082213983,726662.697541511,884934.918009572,1611597.61555108,295.12586893766,307.651922121276,286.529228591134
33900,30.9112658891723,747397.602013546,868255.183658998,1615652.78567254,289.56317614107,295.109472912694,285.624342313203
34000,31.0024495643616,737254.052182004,869886.085929385,1607140.13811139,290.10708218422,290.395942041228,289.672753044396
34100,31.0936332395509,742172.733631657,876671.357794169,1618844.09142583,292.369970916848,287.394153820421,295.443540672036
34200,31.1848169147402,745614.693210959,866182.118749828,1611796.81196079,288.87180882102,295.129722490561,284.459139867308
34300,31.2760005899295,732193.742970791,879815.379230579,1612009.12220137,293.418502328024,301.629583986095,287.699932470703
34400,31.3671842651188,735243.340775176,881138.875480444,1616382.21625562,293.8598884377,299.490108614604,289.8615250794
34500,31.4583679403081,745641.792435947,862717.987093518,1608359.77952947,287.716520624818,298.673918068628,280.171825228425
34600,31.5495516154974,728371.481889407,883559.115564359,1611930.59745377,294.667038707473,287.3547873432,299.296317084733
34700,31.6407352906867,750286.575472613,868143.802596483,1618430.3780691,289.526030547435,288.505924872412,289.964829305327
34800,31.731918965876,737606.695365504,876022.580850824,1613629.27621633,292.153603752151,293.023629201898,291.330125449191
34900,31.8231026410653,738251.920433889,872292.030134453,1610543.95056834,290.909464777206,280.352035047718,297.705326709552
35000,31.9142863162546,722139.320711538,891336.037405469,1613475.35811701,297.260642789885,305.797255218443,291.321850635187
35100,32.0054699914439,715375.172600772,893696.281105893,1609071.45370666,298.047784260761,297.172841082311,298.38270655951
35200,32.0966536666328,749486.727480024,866796.96253491,1616283.69001493,289.076859274607,277.899298030601,296.287669387883
35300,32.1878373418218,750235.213262323,869936.177744386,1620171.39100671,290.1237878087,282.052525195945,295.262859727361
35400,32.2790210170107,737156.501864358,872896.53647547,1610053.03833983,291.111067692336,301.021901077678,284.261252879032
35500,32.3702046921997,730105.035002046,885186.538852324,1615291.57385437,295.209784509696,306.508156035746,287.431528671902
35600,32.4613883673886,745464.954205234,871303.752643579,1616768.70684881,290.579874151602,292.894801163776,288.794439581694
35700,32.5525720425776,737346.74155053,878982.230239058,1616328.97178959,293.140647069888,285.725244300065,297.839965043877
35800,32.6437557177665,729652.88315624,886112.256154323,1615765.13931056,295.518511307094,283.402366634006,303.349675663065
35900,32.7349393929554,722874.443906456,887194.116459465,1610068.56036592,295.879311809059,295.534034549578,295.86293055554
36000,32.8261230681444,743091.108478952,874483.199423341,1617574.30790229,291.640219917739,293.250194096055,290.323870282264
36100,32.9173067433333,740599.360452253,875795.221975174,1616394.58242743,292.077779548165,301.322303867352,285.671365185751
36200,33.0084904185223,729364.215575924,881483.246551218,1610847.46212714,293.974736218515,297.458948231267,291.406949263166
36300,33.0996740937112,736104.588882815,872905.123045592,1609009.71192841,291.113931314188,296.182094178224,287.492561128735
36400,33.1908577689002,732222.883040246,878499.227401309,1610722.11044155,292.979565583228,289.9680250717,294.743109619595
36500,33.2820414440891,749317.752219041,867140.120317754,1616457.8725368,289.191302423797,287.584437493531,290.02155295862
36600,33.373225119278,719626.869162788,893026.316308609,1612653.1854714,297.824350945009,287.85559322821,304.222002463755
36700,33.464408794467,740905.11443272,868013.263992312,1608918.37842503,289.48249591206,281.338480660204,294.670604000038
36800,33.5555924696559,721553.629108397,896708.259267549,1618261.88837595,299.052279228797,306.2353192916,294.014375620905
36900,33.6467761448449,739825.503337249,868282.7087487,1608108.21208595,289.57235576078,280.48713279789,295.387860772907
37000,33.7379598200338,728414.373675987,883988.772651323,1612403.14632731,294.810329381799,304.381562406318,288.183832090967
37100,33.8291434952228,738976.47476689,869721.275042421,1608697.74980931,290.052117739677,287.974431348947,291.195531902047
37200,33.9203271704117,749261.842823476,863763.21089775,1613025.05372123,288.065102850675,293.18901759551,284.409105435077
37300,34.0115108456007,728121.052701658,883851.942983304,1611972.99568496,294.764696676106,302.453167618508,289.39341213394
37400,34.1026945207896,750585.748813241,863568.854855041,1614154.60366828,288.000285094227,285.538659370553,289.401368672431
37500,34.1938781959785,718129.898830687,889633.986807307,1607763.88563799,296.693008773489,303.791510230758,291.713430294666
37600,34.2850618711675,751601.343021523,866200.832469118,1617802.17549064,288.878049847963,302.396147920086,279.625252758342
37700,34.3762455463564,735094.731005097,878876.453759001,1613971.1847641,293.105370604969,302.654040267647,286.495336354346
37800,34.4674292215454,740368.455333476,872092.327621371,1612460.78295485,290.842863972443,297.991753881296,285.834568313231
37900,34.5586128967343,753857.918907165,864673.088912357,1618531.00781952,288.368547244408,290.542220336902,286.679124726708
38000,34.6497965719233,733921.295905893,881485.658989749,1615406.95489564,293.975540766966,288.459095401644,297.408191393209
38100,34.7409802471122,732228.318987731,877840.918788977,1610069.23777671,292.760019606129,287.942867517792,295.727487648682
38200,34.8321639223011,722170.682323529,893216.148862602,1615386.83118613,297.887660117593,291.550267153725,301.864349043408
38300,34.9233475974901,731798.791458551,884054.019220047,1615852.8106786,294.832089117908,303.003789534996,289.138595432252
38400,35.014531272679,728784.381695872,884238.530901587,1613022.91259746,294.893623779085,299.705502130104,291.439960191923
38500,35.105714947868,737360.313028367,876595.226174588,1613955.53920295,292.34458101537,285.465835559152,296.686790835336
38600,35.1968986230569,728612.630170323,886491.709375559,1615104.33954588,295.645058988014,287.272588117338,300.980335352641
38700,35.2880822982459,739549.478004852,873442.91739129,1612992.39539614,291.293285773317,289.105467649341,292.509086784489
38800,35.3792659734348,730452.70044305,882007.152455944,1612459.85289899,294.149458881422,294.696219170301,293.539827473102
38900,35.4704496486238,740149.585662594,875243.311103453,1615392.89676605,291.893717226431,292.577326705036,291.194732809672
39000,35.5616333238127,734491.085919283,876447.581156694,1610938.66707598,292.295341389593,284.940421673249,296.955041749331
39100,35.6528169990016,737328.148136018,876651.207170105,1613979.35530612,292.363250682043,294.550910392418,290.661174832891
39200,35.7440006741906,729032.252081763,885154.670531475,1614186.92261324,295.199156422036,295.684493745629,294.629598909288
39300,35.8351843493795,725179.912281207,889213.897999455,1614393.81028066,296.552909121045,293.842306423149,298.112850162042
39400,35.9263680245685,722426.920721608,891225.935432479,1613652.85615409,297.223923772713,288.665343745324,302.681957187827
39500,36.0175516997574,727930.477665524,878794.770913667,1606725.24857919,293.07812936924,283.450440165548,299.252357063894
39600,36.1087353749464,744620.436583356,869108.78126152,1613729.21784488,289.84785101268,280.025498081553,296.154546424253
39700,36.1999190501353,732230.891486898,879187.007867587,1611417.89935449,293.208940426076,301.039259150697,287.744387159306
39800,36.2911027253243,749394.131407512,872082.66143605,1621476.79284356,290.839640298833,280.596553569752,297.425998417971
39900,36.3822864005132,734085.985009906,881657.0064402,1615742.99145011,294.032685155978,291.249949420667,295.642815075222
40000,36.4734700757021,753785.025722651,866439.436919459,1620224.46264211,288.957624452046,283.198589216566,292.556183255323
40100,36.5646537508911,728707.043497778,884341.427032451,1613048.47053023,294.927939647307,305.194782993007,287.837604133803
40200,36.65583742608,750232.52157756,860949.03760694,1611181.5591845,287.126575823558,293.062082642072,282.930299131363
40300,36.747021101269,717500.935906867,896968.151604587,1614469.08751145,299.138953344868,304.856437456758,295.078014809154
40400,36.8382047764579,741366.810594143,870631.698794909,1611998.50938905,290.355744137038,290.721475937492,289.869959816622
40500,36.9293884516469,747574.568016746,871034.944030328,1618609.51204707,290.490226456671,301.684048040622,282.785603545322
40600,37.0205721268358,735321.482515601,875504.048455566,1610825.53097117,291.9806731551,304.272827905576,283.542586093819
40700,37.1117558020247,748272.280356823,868562.367910001,1616834.64826682,289.665622114391,298.05229137004,283.833121258863
40800,37.2029394772137,734810.350923712,880295.622009782,1615105.97293349,293.578663334928,300.157502305798,288.948121801569
40900,37.2941231524026,751595.804113804,863678.332674797,1615274.1367886,288.036795956244,295.461080666672,282.847242152661
41000,37.3853068275916,747000.215450722,868691.699133861,1615691.91458458,289.708754088331,286.980780336933,291.285979294189
41100,37.4764905027805,750479.670596942,868094.598338629,1618574.26893557,289.509620923338,286.796124840959,291.077360294157
41200,37.5676741779695,729412.497437978,887498.089247388,1616910.58668537,295.980686759176,293.68650436492,297.26349111638
41300,37.6588578531584,747742.755441356,865285.493660278,1613028.24910163,288.572784278899,292.997737664716,285.382338034789
41400,37.7500415283474,742501.070546851,876292.452159682,1618793.52270653,292.243605856155,302.055191300083,285.459012555324
41500,37.8412252035363,743861.387368133,878561.568712014,1622422.95608015,293.000356415546,288.665188010592,295.646301721835
41600,37.9324088787252,745825.789844262,867858.17988062,1613683.96972488,289.43077534788,278.721927773573,296.328814751294
41700,38.0235925539142,730370.313231159,887300.177869791,1617670.49110095,295.914683298246,292.801397650345,297.743611494097
41800,38.1147762291031,718551.861866657,894557.206825429,1613109.06869209,298.334903060006,296.993180919792,298.9807720676
41900,38.2059599042921,745011.813289792,867963.376547564,1612975.18983736,289.465858445077,281.105411995377,294.79826786284
42000,38.297143579481,733210.596292951,881664.540797464,1614875.13709041,294.035197864754,289.185523387656,297.023284851265
42100,38.38832725467,725404.872035878,887185.528826825,1612590.4008627,295.876447832858,301.187401651542,292.089248247207
42200,38.4795109298589,733079.342769592,878209.391074163,1611288.73384376,292.88290514396,298.115391264042,289.150511976285
42300,38.5706946050478,722362.013086426,889074.584724252,1611436.59781068,296.50644813215,293.332701020009,298.375190833467
42400,38.6618782802368,739130.428444346,874351.999536913,1613482.42798126,291.596464744677,275.136600985736,302.326710196682
42500,38.7530619554257,751945.066988512,864241.857517483,1616186.92450599,288.224731538263,291.225503935825,285.984029330275
42600,38.8442456306147,734639.150232516,876392.809502613,1611031.95973513,292.27707503839,295.087906126084,290.159623417397
42700,38.9354293058036,741531.188731146,873241.208232397,1614772.39696354,291.226015752008,296.442038778998,287.505978720888
42800,39.0266129809926,743750.608785058,875954.211350405,1619704.82013546,292.130802518061,291.689891744906,292.181300698066
42900,39.1177966561815,733050.424882003,883052.778742496,1616103.2036245,294.498175335166,304.796355239168,287.387306919721
43000,39.2089803313705,717868.355210472,892083.318638145,1609951.67384862,297.509861143287,294.80190016078,299.067243580672
43100,39.3001640065594,744242.007475464,868011.229306478,1612253.23678194,289.481817344165,298.64976576174,283.128616884662
43200,39.3913476817483,748606.939480403,868032.012246713,1616638.95172712,289.488748456466,301.193638442129,281.44424784231
43300,39.4825313569373,743421.447122416,874037.328114351,1617458.77523677,291.491521799017,289.968988954645,292.263634093765
43400,39.5737150321262,736093.988887294,878977.883161847,1615071.87204914,293.139197319275,297.276576705072,290.136661730977
43500,39.6648987073152,737775.560906264,877649.636824225,1615425.19773049,292.696227054936,291.211186185903,293.442340778412
43600,39.7560823825041,742191.540895184,871862.414632846,1614053.95552803,290.766187971601,288.253174784338,292.199224939801
43700,39.8472660576931,733975.753287503,883404.6679779,1617380.4212654,294.615530424512,297.827455890655,292.228733838397
43800,39.938449732882,747499.623504387,878092.105099096,1625591.72860348,292.843790261496,295.540020911541,290.802266669581
43900,40.0296334080709,742604.914602236,875498.539316802,1618103.45391904,291.978835856862,294.613180964074,289.979290088841
44000,40.1208170832599,731631.73228731,877572.338063415,1609204.07035072,292.670447911761,308.339103276859,281.980785628437
44100,40.2120007584488,752007.583692694,865027.990385139,1617035.57407783,288.48690691517,292.151375602409,285.803522034582
44200,40.3031844336378,723871.443218944,892520.422938805,1616391.86615775,297.655635464,300.01900225539,295.832011240186
44300,40.3943681088267,749747.047495861,870418.12939776,1620165.17689362,290.284518725283,282.773851654498,295.049726340201
44400,40.4855517840157,741887.099883775,875921.606492855,1617808.70637663,292.119928795349,292.012813934317,291.947905428709
44500,40.5767354592046,726695.187430221,889082.896613235,1615778.08404346,296.509220147819,295.312642458658,297.059847590469
44600,40.6679191343936,736908.360433497,878036.588397116,1614944.94883061,292.825275436757,290.675821623448,294.014223582766
44700,40.7591028095825,727805.164744447,889275.013584138,1617080.17832859,296.573291173633,298.175598250133,295.257942046656
44800,40.8502864847714,725551.441022081,884417.383092043,1609968.82411412,294.953270999514,305.792339789262,287.481430747183
44900,40.9414701599604,737038.068965926,879607.792401,1616645.86136693,293.349272103051,293.265317736639,293.160783953907
45000,41.0326538351493,731592.146077883,884605.960563075,1616198.10664096,295.016161601826,295.427388470774,294.496163554526
45100,41.1238375103383,725532.693090213,893394.792882154,1618927.48597237,297.947237913008,292.785368223834,301.14019500753
45200,41.2150211855272,728566.103232749,889287.095746097,1617853.19897885,296.577320575654,300.791235810284,293.520895985421
45300,41.3062048607162,753259.929457085,860150.631396341,1613410.56085343,286.860307285756,284.240408249942,288.367856386894
45400,41.3973885359051,746218.557137634,870575.664903749,1616794.22204138,290.337056829665,283.564150221875,294.610380354166
45500,41.4885722110941,722732.189263733,888380.185322833,1611112.37458657,296.274865873881,292.840248037148,298.317715376808
45600,41.579755886283,740434.007092421,872940.805540149,1613374.81263257,291.125831429098,284.289134799555,295.441024322601
45700,41.6709395614719,734252.14332963,878970.175206805,1613222.31853644,293.136626715626,293.63936557572,292.557186953302
45800,41.7621232366609,732115.712898888,880475.122297428,1612590.83519632,293.638526695824,292.068694627634,294.440382635705
45900,41.8533069118498,740581.745314704,878198.988361474,1618780.73367618,292.879435838411,290.975354594105,293.904757138082
46000,41.9444905870388,712187.089773641,898381.348604535,1610568.43837818,299.610254662176,303.844064016238,296.538039880583
46100,42.0356742622277,736349.90947161,877982.093330753,1614332.00280236,292.807101327581,319.970407044228,274.454224932043
46200,42.1268579374167,744500.977745392,873028.706011025,1617529.68375642,291.155146243463,287.17667205521,293.564833080429
46300,42.2180416126056,736833.547100091,880954.628645617,1617788.17574571,293.798442102924,308.751448976904,283.584938818519
46400,42.3092252877945,740168.651542146,878764.624452139,1618933.27599429,293.068075521807,291.195047123658,294.072537724306
46500,42.4004089629835,749562.0304034,868098.259016731,1617660.28942013,289.51084175979,291.335987322563,288.052819016475
46600,42.4915926381724,731335.524518991,886058.514849286,1617394.03936828,295.500588577384,296.375863355434,294.670821568203
46700,42.5827763133614,753457.772434434,864244.519870245,1617702.29230468,288.225619433131,297.610599241502,281.728778211357
46800,42.6739599885503,723746.255926478,891664.432664178,1615410.68859066,297.370162636044,292.241037748735,300.54177075872
46900,42.7651436637393,739634.949609972,878226.678387408,1617861.62799738,292.888670464368,293.317287181924,292.358852093945
47000,42.8563273389282,735886.269500274,879434.830615331,1615321.10011561,293.29158933311,287.617192934752,296.830110607571
47100,42.9475110141172,747320.81989045,863593.87939573,1610914.69928618,288.008630780633,297.026271271854,281.756863260835
47200,43.0386946893061,753095.647935755,866696.257795757,1619791.90573151,289.043274235703,279.444348056925,295.201688959693
47300,43.129878364495,733511.505012953,891957.400412206,1625468.90542516,297.467867404438,298.529874226389,296.511972966966
47400,43.221062039684,752097.218322193,864076.875904431,1616174.09422662,288.169710156555,279.148559487034,293.943669177772
47500,43.3122457148729,729956.481328096,886849.387000906,1616805.868329,295.764344505888,292.293155838683,297.831999996938
47600,43.4034293900619,746143.430211338,871312.729584252,1617456.15979559,290.582867962065,282.707851585515,295.590726489796
47700,43.4946130652508,738079.69436632,872131.591590477,1610211.2859568,290.855958509414,290.162858788995,291.075645024269
47800,43.5857967404398,746188.224661893,875746.716633845,1621934.94129574,292.061603012788,291.702105899212,292.057883085995
47900,43.6769804156287,733068.991047242,881092.324488568,1614161.31553581,293.844363678028,289.023322437439,296.81352086869
48000,43.7681640908176,750046.901048656,863670.095012745,1613716.9960614,288.034048695263,291.759988871815,285.310060203649
48100,43.8593477660066,725987.073733752,885679.149897161,1611666.22363091,295.374070334221,288.635950373383,299.620005249501
48200,43.9505314411955,742450.339676397,874135.443539911,1616585.78321631,291.524243301621,285.964639708267,294.987708827772
48300,44.0417151163845,729854.49621252,878585.891742682,1608440.3879552,293.008468148301,290.049446766636,294.736975345953
48400,44.1328987915734,745351.776881578,870911.186236321,1616262.9631179,290.448953222052,293.191715151499,288.378404474734
48500,44.2240824667624,732429.793201955,882117.058548884,1614546.85175084,294.186112572581,289.676246750225,296.947534693676
48600,44.3152661419513,738194.689095885,876843.872748104,1615038.56184399,292.427504668369,283.778883484836,297.949562536832
48700,44.4064498171403,742632.838798474,875436.972207154,1618069.81100563,291.958303220662,299.959613456907,286.38079781048
48800,44.4976334923292,734788.692743611,880604.297922891,1615392.9906665,293.681606777686,304.670221624767,286.111128873983
48900,44.5888171675181,740612.363552683,873909.437450295,1614521.80100298,291.448870251891,291.655683603529,291.06812062559
49000,44.6800008427071,736147.244283044,874001.253261247,1610148.49754429,291.479490832499,295.207911311322,288.750977604255
49100,44.771184517896,739483.033682191,872852.185462801,1612335.21914499,291.096276625913,298.965502652636,285.607545710909
49200,44.862368193085,749865.571664472,866104.066523321,1615969.63818779,288.845778396972,284.42970240739,291.549124241362
49300,44.9535518682739,715872.973589325,894807.769854381,1610680.74344371,298.418465851052,292.935558125265,301.825055613367
49400,45.0447355434629,726224.729523755,885912.173381234,1612136.90290499,295.451783685587,296.830587053658,294.286371620469
49500,45.1359192186518,727551.999190219,881746.500640681,1609298.4998309,294.0625314793,299.017971216728,290.513852878115
49600,45.2271028938408,756809.011659061,858788.669372392,1615597.68103145,286.406092837216,298.613534837973,278.029126426013
49700,45.3182865690297,709283.700422675,905576.16203176,1614859.86245444,302.009725540023,292.240052827901,308.271165910156
49800,45.4094702442186,746313.57520339,875619.382581238,1621932.95778463,292.019137095627,283.29657372128,297.590830064279
49900,45.5006539194076,728352.640637621,892446.716514938,1620799.35715256,297.631054365495,300.293326932642,295.608180108759
50000,45.5918375945965,745561.980266286,871893.991801762,1617455.97206805,290.776718960067,299.807988621826,284.513558586427
