time_ps,phi1_deg,phi2_deg
0.1000,-171.585,162.260
0.2000,-179.950,-170.177
0.3000,-170.320,163.887
0.4000,-169.143,-163.865
0.5000,158.185,178.911
0.6000,-154.728,-179.211
0.7000,161.468,170.579
0.8000,-173.003,-167.688
0.9000,170.186,173.217
1.0000,177.215,-157.969
1.1000,-173.511,166.980
1.2000,-174.505,-177.085
1.3000,-172.083,166.367
1.4000,-174.417,-177.633
1.5000,159.023,177.170
1.6000,-172.410,168.061
1.7000,161.005,-171.415
1.7999,-165.244,165.831
1.8999,173.335,-165.584
1.9999,174.231,179.651
2.0999,-165.925,174.116
2.1999,171.753,-177.771
2.2999,-167.550,173.627
2.3999,175.452,176.279
2.4999,178.115,-169.241
2.5999,-179.259,179.075
2.6999,178.749,179.286
2.7999,-175.931,-178.164
2.8999,178.024,172.100
2.9999,-171.911,175.789
3.0999,175.864,-176.066
3.1999,-169.619,-174.094
3.2999,178.979,175.508
3.3999,-173.430,-166.436
3.4999,-176.280,166.491
3.5999,176.093,-159.631
3.6999,173.190,175.166
3.7999,-169.773,171.834
3.8999,179.139,-171.058
3.9999,-178.435,170.328
4.0999,-173.991,-178.482
4.1999,174.072,173.000
4.2999,-173.458,-173.599
4.3999,170.553,172.911
4.4999,-167.238,-170.508
4.5999,166.838,169.590
4.6999,-166.620,-166.102
4.7999,172.688,162.072
4.8999,-167.988,-168.571
4.9999,170.759,165.774
5.0999,-161.680,-172.578
5.1998,175.397,161.599
5.2998,-167.926,-174.434
5.3998,161.981,176.637
5.4998,-167.126,-178.377
5.5998,173.916,-176.989
5.6998,-173.909,173.626
5.7998,164.459,-171.648
5.8998,174.274,-178.095
5.9998,-170.298,171.425
6.0998,168.953,-177.069
6.1998,-168.434,177.566
6.2998,171.189,176.560
6.3998,-176.751,-168.190
6.4998,-176.750,170.156
6.5998,-171.711,-173.346
6.6998,168.366,-179.493
6.7998,-174.029,-172.993
6.8998,164.016,168.584
6.9998,-161.320,-178.874
7.0998,171.590,173.489
7.1998,-169.521,-166.158
7.2998,174.892,168.764
7.3998,-176.252,-164.368
7.4998,175.614,162.129
7.5998,-176.681,-171.678
7.6998,175.147,166.199
7.7998,-171.036,-176.279
7.8998,167.639,173.989
7.9998,-161.829,175.676
8.0998,166.801,177.800
8.1998,-174.751,172.819
8.2998,-172.908,168.441
8.3998,168.829,-174.293
8.4998,-166.314,171.285
8.5998,168.213,-172.532
8.6997,-173.473,-177.401
8.7997,-164.697,160.635
8.8997,173.039,-167.220
8.9997,168.131,174.519
9.0997,-165.176,-179.077
9.1997,172.731,177.336
9.2997,-173.119,-170.303
9.3997,169.577,175.083
9.4997,177.436,-165.802
9.5997,-177.920,156.479
9.6997,-173.175,-160.948
9.7997,161.021,-175.944
9.8997,-153.753,176.473
9.9997,164.904,165.937
10.0997,-159.929,-176.523
10.1997,179.467,166.882
10.2997,172.041,-164.953
10.3997,-168.787,156.201
10.4997,168.821,-169.454
10.5997,-170.404,-172.916
10.6997,177.466,164.498
10.7997,-176.682,-153.572
10.8997,162.223,151.880
10.9997,-168.023,-168.399
11.0997,165.929,161.111
11.1997,-171.936,-163.118
11.2997,176.136,162.872
11.3997,-178.361,-165.231
11.4997,162.529,-178.936
11.5997,-157.647,176.723
11.6997,176.041,164.577
11.7997,-166.628,-165.835
11.8997,162.008,155.911
11.9997,-170.232,-147.233
12.0996,163.989,161.500
12.1996,-155.809,-166.215
12.2996,161.899,162.770
12.3996,-156.627,-177.261
12.4996,155.991,173.198
12.5996,-174.233,-168.888
12.6996,-173.089,174.237
12.7996,-173.457,-177.698
12.8996,174.874,-172.822
12.9996,-178.855,176.947
13.0996,-176.552,170.397
13.1996,170.390,171.358
13.2996,-153.397,167.136
13.3996,151.377,-172.273
13.4996,-176.076,-173.486
13.5996,165.628,177.971
13.6996,-177.854,-165.234
13.7996,-175.891,162.856
13.8996,-174.109,-176.174
13.9996,157.437,-172.889
14.0996,-168.147,172.651
14.1996,176.209,176.181
14.2996,168.433,-170.716
14.3996,-173.402,169.538
14.4996,175.319,-164.356
14.5996,-178.799,-176.193
14.6996,-169.912,178.032
14.7996,169.625,176.698
14.8996,-161.396,-172.187
14.9996,162.029,174.446
15.0996,-164.101,-168.772
15.1996,172.571,160.465
15.2996,-179.656,-155.260
15.3996,171.312,164.194
15.4996,-167.065,-176.418
15.5995,164.826,175.106
15.6995,-158.785,179.729
15.7995,158.916,178.466
15.8995,-162.413,-178.384
15.9995,171.052,172.329
16.0995,-172.299,-161.692
16.1995,176.104,162.940
16.2995,174.382,-152.921
16.3995,174.002,158.796
16.4995,-171.231,-156.912
16.5995,169.343,154.688
16.6995,-152.219,-171.737
16.7995,154.235,169.249
16.8995,-160.693,-170.900
16.9995,166.800,-176.355
17.0995,174.688,-157.021
17.1995,179.738,173.841
17.2995,-179.982,179.490
17.3995,178.318,-178.028
17.4995,173.519,-176.806
17.5995,-173.801,175.102
17.6995,172.354,179.888
17.7995,-168.752,-178.979
17.8995,-176.953,-179.522
17.9995,-173.502,-174.635
18.0995,-179.159,171.982
18.1995,174.294,-166.751
18.2995,-178.668,163.767
18.3995,-175.555,-168.770
18.4995,177.128,165.424
18.5995,-171.011,-170.591
18.6995,163.830,173.354
18.7995,-176.471,-162.720
18.8995,170.675,173.513
18.9995,-172.328,-169.611
19.0994,164.032,162.779
19.1994,-165.191,-176.606
19.2994,159.865,168.524
19.3994,-172.506,-170.586
19.4994,170.846,172.902
19.5994,-176.762,-166.149
19.6994,-178.706,163.406
19.7994,-177.136,-169.969
19.8994,177.397,178.340
19.9994,-172.274,-177.198
20.0994,167.421,-174.841
20.1994,-175.982,177.192
20.2994,171.317,-167.426
20.3994,-164.343,164.592
20.4994,173.184,171.810
20.5994,-165.160,-176.120
20.6994,165.503,166.656
20.7994,-162.627,-163.517
20.8994,156.447,151.814
20.9994,-157.706,-147.820
21.0994,155.472,163.767
21.1994,-163.559,-160.013
21.2994,174.555,-178.889
21.3994,173.914,-179.265
21.4994,-177.670,-170.184
21.5994,161.154,179.277
21.6994,-158.687,-172.011
21.7994,160.967,163.662
21.8994,-146.613,-151.617
21.9994,175.625,143.018
22.0994,-163.593,-158.890
22.1994,157.903,154.277
22.2994,-159.570,-172.065
22.3994,162.039,176.780
22.4993,-166.262,177.331
22.5993,170.121,173.669
22.6993,179.055,178.099
22.7993,-179.597,166.891
22.8993,-175.094,-178.398
22.9993,166.854,-169.316
23.0993,179.206,177.503
23.1993,-169.783,-178.289
23.2993,166.843,171.347
23.3993,179.871,-168.607
23.4993,178.780,158.819
23.5993,175.875,-164.664
23.6993,154.643,172.986
23.7993,-159.021,-172.894
23.8993,156.832,175.211
23.9993,-153.552,173.561
24.0993,168.590,177.170
24.1993,177.216,-161.381
24.2993,-177.848,165.898
24.3993,164.882,-166.742
24.4993,-179.920,177.910
24.5993,168.504,172.077
24.6993,-160.279,177.295
24.7993,165.346,177.647
24.8993,179.771,-174.122
24.9993,-175.713,157.623
25.0993,-179.460,-166.124
25.1993,176.555,172.673
25.2993,176.603,-160.244
25.3993,160.418,-161.758
25.4993,-149.969,160.449
25.5993,160.720,-173.003
25.6993,-178.378,175.011
25.7993,-140.115,-179.222
25.8993,156.837,167.719
25.9992,-166.959,-173.058
26.0992,-167.099,174.449
26.1992,162.766,-149.871
26.2992,-158.715,158.062
26.3992,-149.654,-170.240
26.4992,142.122,-173.137
26.5992,-163.793,-155.634
26.6992,-155.031,144.588
26.7992,-164.465,-167.346
26.8992,-158.216,-142.522
26.9992,169.545,164.769
27.0992,-143.659,-151.879
27.1992,147.222,159.931
27.2992,-164.013,-154.788
27.3992,170.163,157.698
27.4992,179.978,-156.957
27.5992,-177.311,169.147
27.6992,176.957,-170.265
27.7992,-176.344,-178.776
27.8992,-177.196,174.883
27.9992,165.438,-162.202
28.0992,-169.631,177.070
28.1992,177.696,165.688
28.2992,-175.426,-166.097
28.3992,154.592,152.671
28.4992,-151.362,-172.052
28.5992,167.170,162.713
28.6992,-172.717,-158.725
28.7992,-178.519,169.964
28.8992,-169.101,-178.053
28.9992,167.363,172.490
29.0992,-166.093,179.085
29.1992,177.680,178.616
29.2992,174.909,-169.132
29.3991,-178.659,168.147
29.4991,-179.175,-173.816
29.5991,179.674,171.151
29.6991,-173.992,-177.127
29.7991,137.311,175.260
29.8991,156.633,-173.034
29.9991,-163.977,-176.914
30.0991,-179.145,175.654
30.1991,179.379,-179.075
30.2991,-175.874,165.226
30.3991,165.967,-160.647
30.4991,-178.502,170.636
30.5991,-159.459,-175.126
30.6991,161.747,168.857
30.7991,-161.936,-169.983
30.8991,153.468,177.784
30.9991,-167.036,-163.380
31.0991,170.750,156.478
31.1991,-178.877,-145.871
31.2991,169.562,171.536
31.3991,-165.553,175.869
31.4991,166.182,-173.370
31.5991,-150.001,154.501
31.6991,171.221,-171.176
31.7991,-177.553,175.587
31.8991,-162.987,179.044
31.9991,153.074,-169.859
32.0991,-146.157,175.344
32.1991,-168.787,171.361
32.2991,177.366,-164.104
32.3991,174.589,171.321
32.4991,-177.490,-168.817
32.5991,165.392,168.527
32.6991,-161.749,-171.793
32.7991,165.686,175.931
32.8990,-163.122,-175.583
32.9990,167.322,-178.795
33.0990,179.041,-173.503
33.1990,176.149,178.912
33.2990,176.626,-172.894
33.3990,179.601,178.455
33.4990,-175.388,-179.587
33.5990,-178.784,177.043
33.6990,177.917,176.383
33.7990,176.264,-176.278
33.8990,-175.367,177.917
33.9990,-179.822,-169.847
34.0990,-159.203,-174.170
34.1990,169.502,178.513
34.2990,-172.804,177.251
34.3990,-170.082,173.847
34.4990,157.618,-172.675
34.5990,165.965,160.536
34.6990,-159.466,-174.342
34.7990,156.506,-177.252
34.8990,-164.131,-167.377
34.9990,169.392,168.198
35.0990,-168.676,-159.945
35.1990,173.890,153.228
35.2990,-168.715,-162.938
35.3990,174.487,156.752
35.4990,-160.528,172.960
35.5990,169.526,176.402
35.6990,-156.476,179.271
35.7990,156.211,-178.032
35.8990,166.699,-164.917
35.9990,174.737,-171.914
36.0990,167.006,-168.478
36.1990,178.544,163.213
36.2989,-170.201,-176.884
36.3989,164.226,167.004
36.4989,-171.111,-163.592
36.5989,165.472,169.092
36.6989,-157.659,-176.914
36.7989,174.959,171.845
36.8989,-175.198,-170.839
36.9989,179.795,176.571
37.0989,165.745,-166.490
37.1989,-169.797,171.450
37.2989,-171.873,179.827
37.3989,166.735,-173.766
37.4989,-179.933,-177.704
37.5989,172.566,-174.450
37.6989,-179.595,-168.648
37.7989,-176.177,170.233
37.8989,174.467,-174.290
37.9989,-176.564,176.387
38.0989,-171.291,167.477
38.1989,-175.769,-177.235
38.2989,172.572,176.389
38.3989,-171.922,-174.412
38.4989,162.225,172.343
38.5989,-167.175,-174.484
38.6989,160.082,-179.054
38.7989,-154.825,178.480
38.8989,175.343,167.527
38.9989,179.049,-155.263
39.0989,172.288,164.863
39.1989,-166.496,-172.851
39.2989,167.674,166.552
39.3989,-165.613,-167.825
39.4989,167.810,171.903
39.5989,-170.888,-164.579
39.6989,-179.119,167.737
39.7988,-175.920,-167.208
39.8988,172.211,174.399
39.9988,-177.494,-172.510
40.0988,171.916,-178.936
40.1988,-179.391,-179.908
40.2988,-175.819,175.623
40.3988,-179.278,173.685
40.4988,176.626,-175.622
40.5988,179.668,179.459
40.6988,-170.565,177.588
40.7988,176.036,-176.108
40.8988,-165.446,174.189
40.9988,159.392,-175.870
41.0988,-162.706,178.047
41.1988,168.607,176.666
41.2988,175.312,-173.044
41.3988,165.440,178.740
41.4988,-166.670,173.507
41.5988,175.117,178.469
41.6988,173.503,-171.717
41.7988,-166.079,164.758
41.8988,165.108,-163.919
41.9988,-171.605,178.666
42.0988,-161.159,160.182
42.1988,-177.942,-154.838
42.2988,-178.019,156.501
42.3988,164.638,-160.724
42.4988,-176.211,166.756
42.5988,-150.840,-176.788
42.6988,149.396,172.791
42.7988,-150.176,-161.992
42.8988,160.657,-178.321
42.9988,-167.883,-165.893
43.0988,-171.721,145.790
43.1987,-179.769,-155.615
43.2987,172.432,176.869
43.3987,-156.677,-176.125
43.4987,167.648,172.262
43.5987,-161.872,-178.532
43.6987,179.432,175.443
43.7987,168.493,-174.525
43.8987,-161.639,161.028
43.9987,168.243,-172.241
44.0987,-160.120,-179.612
44.1987,174.664,167.013
44.2987,178.941,-156.816
44.3987,-175.045,151.819
44.4987,175.633,-165.054
44.5987,177.383,174.588
44.6987,-170.147,-170.654
44.7987,168.827,-172.909
44.8987,-162.061,172.890
44.9987,174.484,166.247
45.0987,170.645,-164.187
45.1987,170.303,153.759
45.2987,178.024,-161.692
45.3987,-177.147,175.770
45.4987,-176.340,-171.824
45.5987,172.193,177.922
45.6987,-167.618,-175.703
45.7987,166.728,175.318
45.8987,-174.977,178.799
45.9987,174.638,172.737
46.0987,-179.633,-167.022
46.1987,177.665,171.985
46.2987,-162.582,-178.673
46.3987,169.833,179.117
46.4987,-173.463,175.581
46.5987,-173.812,-179.194
46.6986,165.010,-171.167
46.7986,-168.198,-178.270
46.8986,168.398,173.529
46.9986,-170.549,-166.478
47.0986,173.374,165.635
47.1986,166.607,-159.932
47.2986,-176.325,174.551
47.3986,177.171,-176.794
47.4986,174.322,-176.059
47.5986,-175.735,-177.552
47.6986,167.402,-171.891
47.7986,-168.101,174.812
47.8986,177.498,172.299
47.9986,177.331,-175.641
48.0986,-176.781,173.459
48.1986,172.641,-175.400
48.2986,-170.954,177.485
48.3986,175.754,175.513
48.4986,-179.308,-167.845
48.5986,-176.194,163.873
48.6986,-176.899,-172.638
48.7986,176.156,168.108
48.8986,-174.836,-170.310
48.9986,167.591,173.414
49.0986,-174.041,-171.234
49.1986,167.462,170.702
49.2986,-177.263,-167.707
49.3986,163.798,171.324
49.4986,-155.511,174.975
49.5986,158.838,175.442
49.6986,170.845,-170.058
49.7986,-174.809,166.082
49.8986,175.903,-160.382
49.9986,170.806,150.291
50.0986,170.935,111.539
50.1985,-173.605,61.355
50.2985,174.120,59.997
50.3985,-174.128,88.404
50.4985,175.182,59.504
50.5985,174.433,73.438
50.6985,-170.409,53.137
50.7985,170.498,51.803
50.8985,-173.382,90.989
50.9985,173.472,30.280
51.0985,177.534,69.908
51.1985,165.451,56.095
51.2985,-167.445,67.005
51.3985,-176.244,54.861
51.4985,165.584,54.582
51.5985,-166.806,64.050
51.6985,178.913,55.668
51.7985,-166.495,64.755
51.8985,-170.000,57.600
51.9985,167.633,77.439
52.0985,-178.391,71.973
52.1985,-178.182,74.068
52.2985,173.419,80.369
52.3985,-179.019,54.277
52.4985,-176.273,64.168
52.5985,167.335,51.242
52.6985,-174.839,56.200
52.7985,177.939,66.828
52.8985,179.591,64.750
52.9985,173.721,88.730
53.0985,169.057,69.348
53.1985,169.860,88.871
53.2985,176.370,76.253
53.3985,175.410,43.108
53.4985,179.854,93.847
53.5984,178.300,40.797
53.6984,-170.255,77.693
53.7984,170.811,43.092
53.8984,-162.001,64.792
53.9984,173.859,70.418
54.0984,-178.063,66.455
54.1984,-172.541,75.888
54.2984,169.079,68.511
54.3984,-173.172,78.021
54.4984,-179.144,71.034
54.5984,161.967,34.363
54.6984,-168.350,89.543
54.7984,179.792,35.788
54.8984,-154.841,67.082
54.9984,165.115,37.561
55.0984,-162.002,66.759
55.1984,-165.622,41.745
55.2984,166.473,58.665
55.3984,-163.208,63.670
55.4984,-176.655,65.688
55.5984,171.711,62.861
55.6984,-166.939,59.528
55.7984,-174.875,63.251
55.8984,172.557,55.094
55.9984,-147.985,60.232
56.0984,-173.627,51.161
56.1984,158.037,59.533
56.2984,-151.078,63.979
56.3984,-160.731,74.941
56.4984,163.978,78.947
56.5984,-166.516,57.496
56.6984,173.082,74.852
56.7984,167.022,52.947
56.8984,-151.052,66.955
56.9984,168.023,58.502
57.0983,154.313,63.413
57.1983,-155.088,59.966
57.2983,-174.127,55.221
57.3983,165.739,81.382
57.4983,-173.026,56.388
57.5983,162.440,79.588
57.6983,-172.772,66.053
57.7983,-168.964,79.752
57.8983,154.232,75.137
57.9983,-163.740,54.538
58.0983,-148.121,44.731
58.1983,168.883,50.305
58.2983,-159.019,38.631
58.3983,-164.007,74.589
58.4983,176.570,45.601
58.5983,-156.967,86.151
58.6983,143.505,71.509
58.7983,89.104,58.927
58.8983,47.215,44.637
58.9983,65.439,78.683
59.0983,72.974,79.489
59.1983,57.222,43.057
59.2983,61.295,80.734
59.3983,90.621,64.084
59.4983,51.296,66.514
59.5983,66.773,71.725
59.6983,72.232,95.230
59.7983,84.563,48.892
59.8983,49.216,68.314
59.9983,86.071,72.989
60.0983,54.256,61.104
60.1983,58.718,56.180
60.2983,64.075,71.541
60.3983,61.724,63.125
60.4982,65.097,52.434
60.5982,56.559,80.185
60.6982,69.688,66.951
60.7982,57.039,64.157
60.8982,67.226,46.824
60.9982,53.780,82.933
61.0982,72.516,54.165
61.1982,69.637,60.238
61.2982,57.516,74.783
61.3982,74.769,53.223
61.4982,56.826,75.972
61.5982,76.017,63.714
61.6982,62.544,77.686
61.7982,73.573,49.612
61.8982,62.996,94.650
61.9982,88.440,87.327
62.0982,68.432,66.404
62.1982,60.965,51.258
62.2982,73.312,77.544
62.3982,75.508,63.584
62.4982,43.964,64.182
62.5982,78.280,56.466
62.6982,58.750,67.487
62.7982,69.838,57.382
62.8982,64.210,74.611
62.9982,75.694,55.644
63.0982,45.046,68.341
63.1982,61.866,66.719
63.2982,77.187,85.123
63.3982,74.312,76.366
63.4982,44.169,61.013
63.5982,81.313,60.504
63.6982,72.275,84.488
63.7982,61.164,57.348
63.8982,52.809,74.633
63.9981,82.822,63.721
64.0981,45.580,72.340
64.1981,80.766,51.877
64.2981,65.120,98.973
64.3981,77.156,56.238
64.4981,43.042,75.829
64.5981,86.199,51.820
64.6981,58.813,92.274
64.7981,72.921,48.941
64.8981,48.559,77.932
64.9981,64.948,53.371
65.0981,63.113,72.450
65.1981,66.459,64.259
65.2981,65.622,71.802
65.3981,67.255,71.618
65.4981,77.726,61.780
65.5981,53.952,81.706
65.6981,77.190,51.514
65.7981,58.461,74.594
65.8981,82.299,52.298
65.9981,44.807,79.132
66.0981,62.066,46.051
66.1981,83.593,80.686
66.2981,110.099,54.390
66.3981,83.952,83.892
66.4981,63.608,68.023
66.5981,51.004,66.867
66.6981,89.264,55.008
66.7981,57.935,68.603
66.8981,64.455,53.622
66.9981,61.723,73.717
67.0981,78.542,55.254
67.1981,46.218,86.394
67.2981,85.528,53.576
67.3980,50.790,76.711
67.4980,74.316,58.813
67.5980,65.526,57.495
67.6980,67.571,76.855
67.7980,68.836,73.269
67.8980,67.049,59.481
67.9980,65.468,60.279
68.0980,52.830,81.791
68.1980,76.306,48.282
68.2980,50.685,81.811
68.3980,70.230,56.349
68.4980,46.908,59.167
68.5980,74.158,75.535
68.6980,68.404,69.325
68.7980,51.881,53.916
68.8980,72.373,66.422
68.9980,57.069,69.119
69.0980,69.522,50.432
69.1980,76.272,76.071
69.2980,68.355,60.818
69.3980,65.888,48.951
69.4980,60.289,81.948
69.5980,76.009,69.890
69.6980,56.124,66.830
69.7980,87.256,69.789
69.8980,63.292,62.333
69.9980,67.077,52.018
70.0980,76.467,85.614
70.1980,75.248,69.927
70.2980,50.070,57.919
70.3980,75.336,72.354
70.4980,91.491,93.668
70.5980,65.570,62.927
70.6980,50.044,51.971
70.7980,77.321,78.818
70.8979,73.321,66.553
70.9979,63.944,69.367
71.0979,69.842,59.799
71.1979,67.196,60.068
71.2979,70.860,70.320
71.3979,68.050,72.327
71.4979,66.073,67.378
71.5979,67.973,64.898
71.6979,55.960,62.515
71.7979,64.908,51.445
71.8979,50.908,74.265
71.9979,94.757,71.674
72.0979,90.732,63.423
72.1979,52.043,58.492
72.2979,66.111,60.890
72.3979,70.900,71.966
72.4979,69.438,52.394
72.5979,52.413,64.914
72.6979,76.062,61.927
72.7979,68.116,79.830
72.8979,69.107,64.694
72.9979,52.806,46.108
73.0979,62.965,67.724
73.1979,66.866,75.849
73.2979,69.180,64.913
73.3979,51.101,59.864
73.4979,65.883,60.939
73.5979,64.004,70.762
73.6979,66.197,62.217
73.7979,51.588,55.682
73.8979,60.162,68.768
73.9979,73.614,69.142
74.0979,61.752,71.190
74.1979,61.200,52.385
74.2978,70.344,68.696
74.3978,69.487,72.414
74.4978,73.055,66.827
74.5978,67.329,71.884
74.6978,71.434,66.007
74.7978,62.937,65.579
74.8978,68.500,65.872
74.9978,58.862,63.404
75.0978,73.465,61.002
75.1978,63.950,72.328
75.2978,61.116,60.217
75.3978,76.646,81.693
75.4978,82.173,63.061
75.5978,57.284,58.712
75.6978,69.239,57.528
75.7978,72.898,71.533
75.8978,60.742,63.964
75.9978,63.262,59.632
76.0978,63.602,58.654
76.1978,64.798,78.354
76.2978,60.234,56.898
76.3978,71.277,59.725
76.4978,62.800,77.994
76.5978,59.785,52.902
76.6978,66.365,81.068
76.7978,83.106,73.296
76.8978,43.721,60.392
76.9978,65.152,59.844
77.0978,76.465,78.821
77.1978,70.178,61.475
77.2978,52.668,79.750
77.3978,64.519,54.184
77.4978,61.274,70.236
77.5978,63.435,74.019
77.6978,44.746,60.437
77.7977,68.167,59.109
77.8977,78.937,75.460
77.9977,64.484,70.096
78.0977,64.543,55.816
78.1977,65.355,67.575
78.2977,69.868,86.184
78.3977,67.822,52.742
78.4977,75.365,67.412
78.5977,88.643,91.732
78.6977,47.256,76.553
78.7977,75.454,52.818
78.8977,63.000,65.430
78.9977,61.085,66.644
79.0977,61.300,45.634
79.1977,59.443,70.549
79.2977,74.735,59.882
79.3977,50.673,66.523
79.4977,78.457,61.470
79.5977,62.938,83.867
79.6977,69.643,57.757
79.7977,62.884,47.176
79.8977,61.276,79.714
79.9977,75.008,68.632
80.0977,64.906,57.835
80.1977,66.159,50.140
80.2977,52.235,88.630
80.3977,82.224,37.724
80.4977,51.009,78.977
80.5977,100.188,59.991
80.6977,64.397,79.562
80.7977,64.626,45.946
80.8977,53.078,80.418
80.9977,91.726,72.809
81.0977,58.786,88.594
81.1977,65.286,76.288
81.2976,68.691,64.959
81.3976,70.328,63.281
81.4976,63.927,82.544
81.5976,80.921,58.248
81.6976,69.640,65.485
81.7976,69.261,54.759
81.8976,67.259,84.773
81.9976,75.019,52.967
82.0976,59.694,80.752
82.1976,82.462,66.698
82.2976,59.066,81.820
82.3976,72.044,52.537
82.4976,62.050,70.827
82.5976,77.424,67.584
82.6976,64.870,65.013
82.7976,64.374,70.882
82.8976,54.303,62.183
82.9976,55.386,62.333
83.0976,80.860,52.807
83.1976,58.363,84.524
83.2976,73.889,57.836
83.3976,60.921,63.478
83.4976,64.414,61.933
83.5976,62.440,76.040
83.6976,62.633,61.632
83.7976,72.051,65.878
83.8976,86.287,67.639
83.9976,70.488,75.088
84.0976,65.185,63.923
84.1976,61.782,60.469
84.2976,76.556,58.294
84.3976,75.729,86.972
84.4976,69.824,78.068
84.5976,73.080,41.837
84.6975,55.383,89.209
84.7975,102.156,72.035
84.8975,76.401,68.239
84.9975,50.220,63.717
85.0975,71.297,77.697
85.1975,65.063,74.137
85.2975,55.090,62.801
85.3975,70.414,64.514
85.4975,57.689,72.128
85.5975,79.461,46.661
85.6975,52.108,84.453
85.7975,76.385,59.762
85.8975,65.413,62.988
85.9975,74.835,60.773
86.0975,53.150,82.257
86.1975,73.666,44.467
86.2975,64.318,62.770
86.3975,61.609,71.182
86.4975,65.412,59.699
86.5975,61.878,67.640
86.6975,74.636,59.804
86.7975,51.616,83.484
86.8975,74.427,57.203
86.9975,57.006,78.969
87.0975,71.501,65.441
87.1975,52.053,66.680
87.2975,72.373,59.247
87.3975,60.278,74.087
87.4975,68.022,53.470
87.5975,61.606,85.267
87.6975,92.701,50.631
87.7975,35.028,84.231
87.8975,86.379,55.994
87.9975,45.848,87.781
88.0975,66.479,37.834
88.1974,63.551,73.406
88.2974,67.685,65.214
88.3974,59.537,61.875
88.4974,66.184,56.520
88.5974,65.598,59.613
88.6974,70.722,80.283
88.7974,73.388,55.456
88.8974,65.072,71.502
88.9974,87.104,90.585
89.0974,89.323,65.990
89.1974,66.769,63.762
89.2974,63.266,64.880
89.3974,47.937,73.402
89.4974,70.502,45.814
89.5974,68.328,76.298
89.6974,60.885,74.628
89.7974,65.559,49.896
89.8974,72.287,61.023
89.9974,57.950,71.222
90.0974,57.512,63.299
90.1974,76.831,63.499
90.2974,72.847,76.212
90.3974,60.526,64.173
90.4974,65.325,61.607
90.5974,79.439,80.187
90.6974,70.383,75.684
90.7974,52.098,52.029
90.8974,65.200,65.359
90.9974,71.631,75.327
91.0974,57.409,65.943
91.1974,74.633,55.719
91.2974,49.361,73.784
91.3974,76.214,69.810
91.4974,58.796,56.041
91.5973,53.604,57.216
91.6973,74.594,68.174
91.7973,59.846,64.870
91.8973,60.726,59.500
91.9973,62.913,69.712
92.0973,66.562,57.071
92.1973,63.816,70.674
92.2973,73.850,71.211
92.3973,54.257,55.775
92.4973,51.331,62.798
92.5973,75.870,63.893
92.6973,71.942,68.470
92.7973,56.618,64.811
92.8973,79.785,63.945
92.9973,67.681,75.760
93.0973,72.479,63.514
93.1973,63.123,78.355
93.2973,69.315,75.459
93.3973,48.058,43.842
93.4973,72.303,81.778
93.5973,73.763,45.813
93.6973,48.659,71.482
93.7973,75.800,65.249
93.8973,63.563,72.080
93.9973,74.522,60.352
94.0973,54.456,80.714
94.1973,66.461,59.048
94.2973,64.502,55.260
94.3973,66.896,74.026
94.4973,61.464,70.055
94.5973,66.879,55.336
94.6973,55.250,70.838
94.7973,74.746,69.648
94.8973,54.499,69.896
94.9973,57.367,61.799
95.0972,64.984,61.918
95.1972,68.593,71.772
95.2972,79.933,68.652
95.3972,57.585,68.344
95.4972,69.515,41.480
95.5972,65.402,76.203
95.6972,79.726,47.252
95.7972,61.690,59.784
95.8972,70.557,64.928
95.9972,68.577,56.129
96.0972,54.736,63.867
96.1972,74.774,62.622
96.2972,69.822,78.586
96.3972,55.772,44.988
96.4972,62.965,70.886
96.5972,89.840,75.587
96.6972,54.711,83.528
96.7972,59.573,53.845
96.8972,75.252,81.386
96.9972,58.749,71.012
97.0972,63.566,59.160
97.1972,61.091,70.100
97.2972,60.937,61.704
97.3972,82.174,91.044
97.4972,71.192,68.469
97.5972,59.068,63.345
97.6972,70.884,81.234
97.7972,63.162,60.422
97.8972,60.926,64.028
97.9972,77.942,78.719
98.0972,59.384,65.431
98.1972,64.923,60.909
98.2972,77.763,87.467
98.3972,70.960,74.280
98.4971,59.516,56.549
98.5971,71.993,66.911
98.6971,56.543,73.273
98.7971,62.516,59.454
98.8971,74.565,62.386
98.9971,67.415,74.471
99.0971,61.280,60.836
99.1971,69.835,61.761
99.2971,70.764,57.935
99.3971,45.555,65.850
99.4971,94.979,59.741
99.5971,66.031,74.936
99.6971,58.393,50.968
99.7971,71.138,88.523
99.8971,87.223,103.296
99.9971,65.522,79.366
